last_price,bid_price,ask_price,bid_ask_spread,high_price,low_price,volume,vwap,rsi_14,macd,bb_upper,bb_middle,bb_lower,volume_acceleration,price_change_5m,momentum_1m,symbol
162.885,162.8,162.97,0.17,167.63,161.23,1456883.0,162.988,50.0,0.0,0.0,0.0,0.0,0.0,0.0,0.0,HSY
100.48,100.47,100.49,0.02,100.7,100.16,742455.0,100.3991,50.0,0.0,0.0,0.0,0.0,0.0,0.0,0.0,NOBL
143.61,143.53,143.65,0.12,144.0,140.155,682740.0,142.8177,50.0,0.0,0.0,0.0,0.0,0.0,0.0,0.0,LYV
96.83,96.8,96.86,0.06,96.96,95.55,804771.0,96.4594,50.0,0.0,0.0,0.0,0.0,0.0,0.0,0.0,CHRW
177.13,177.14,177.16,0.02,177.45,176.07,1347289.0,177.0007,50.0,0.0,0.0,0.0,0.0,0.0,0.0,0.0,QUAL
221.46,221.39,221.48,0.09,223.55,219.3,3719328.0,222.0155,50.0,0.0,0.0,0.0,0.0,0.0,0.0,0.0,GE
128.81,128.8,128.82,0.02,128.985,128.195,709065.0,128.6172,50.0,0.0,0.0,0.0,0.0,0.0,0.0,0.0,VYM
204.44,204.39,204.49,0.1,207.42,202.26,1573145.0,205.0354,50.0,0.0,0.0,0.0,0.0,0.0,0.0,0.0,DFS
70.9,70.88,70.9,0.02,71.23,69.86,1050450.0,70.815,50.0,0.0,0.0,0.0,0.0,0.0,0.0,0.0,CIBR
75.19,75.13,75.22,0.09,76.54,73.76,1154695.0,74.6622,50.0,0.0,0.0,0.0,0.0,0.0,0.0,0.0,MKC
56.72,56.7,56.74,0.04,57.04,55.73,1168824.0,56.5931,50.0,0.0,0.0,0.0,0.0,0.0,0.0,0.0,EIX
572.03,571.8,572.63,0.83,574.11,558.45,525082.0,565.4313,50.0,0.0,0.0,0.0,0.0,0.0,0.0,0.0,REGN
137.75,137.65,137.8,0.15,138.83,135.1,804719.0,137.473,50.0,0.0,0.0,0.0,0.0,0.0,0.0,0.0,H
127.667,127.65,127.7,0.05,128.0,123.76,2304579.0,126.4189,50.0,0.0,0.0,0.0,0.0,0.0,0.0,0.0,XOP
70.85,70.84,70.87,0.03,71.29,70.42,1087629.0,70.8252,50.0,0.0,0.0,0.0,0.0,0.0,0.0,0.0,DD
97.105,97.09,97.12,0.03,97.85,92.26,7478904.0,95.8013,50.0,0.0,0.0,0.0,0.0,0.0,0.0,0.0,ANET
87.39,87.35,87.42,0.07,87.39,84.95,1026613.0,86.3818,50.0,0.0,0.0,0.0,0.0,0.0,0.0,0.0,LOGI
56.84,56.8,56.85,0.05,57.3357,54.25,590478.0,56.093,50.0,0.0,0.0,0.0,0.0,0.0,0.0,0.0,RMBS
52.43,52.4,52.43,0.03,52.52,52.0,863615.0,52.3835,50.0,0.0,0.0,0.0,0.0,0.0,0.0,0.0,SHLD
63.74,63.73,63.74,0.01,63.88,63.245,724747.0,63.6783,50.0,0.0,0.0,0.0,0.0,0.0,0.0,0.0,TD
302.555,302.47,302.64,0.17,303.02,298.82,1595824.0,301.3316,50.0,0.0,0.0,0.0,0.0,0.0,0.0,0.0,AXP
151.78,151.75,151.78,0.03,152.41,147.7,3011819.0,150.4773,50.0,0.0,0.0,0.0,0.0,0.0,0.0,0.0,SPXL
87.94,87.91,87.95,0.04,88.2,87.055,500096.0,87.7631,50.0,0.0,0.0,0.0,0.0,0.0,0.0,0.0,PFGC
107.36,107.32,107.4,0.08,107.625,105.2,927615.0,106.8189,50.0,0.0,0.0,0.0,0.0,0.0,0.0,0.0,NTRS
102.4575,102.43,102.48,0.05,102.87,100.56,500175.0,102.1202,50.0,0.0,0.0,0.0,0.0,0.0,0.0,0.0,DTM
173.17,173.02,173.2,0.18,176.365,172.36,1002483.0,173.5084,50.0,0.0,0.0,0.0,0.0,0.0,0.0,0.0,ODFL
54.37,54.35,54.38,0.03,54.74,53.225,911906.0,54.2903,50.0,0.0,0.0,0.0,0.0,0.0,0.0,0.0,PSTG
117.25,117.21,117.29,0.08,117.769,113.97,2003359.0,116.3745,50.0,0.0,0.0,0.0,0.0,0.0,0.0,0.0,EOG
79.94,79.94,79.96,0.02,80.28,77.8001,3808897.0,79.1491,50.0,0.0,0.0,0.0,0.0,0.0,0.0,0.0,UPRO
156.995,156.91,157.08,0.17,158.655,147.9,4864651.0,155.4285,50.0,0.0,0.0,0.0,0.0,0.0,0.0,0.0,NRG
54.095,54.09,54.1,0.01,54.115,53.81,5793608.0,53.9769,50.0,0.0,0.0,0.0,0.0,0.0,0.0,0.0,VEA
87.3,87.3,87.34,0.04,87.98,84.99,1924804.0,86.8816,50.0,0.0,0.0,0.0,0.0,0.0,0.0,0.0,OKE
112.755,112.66,112.85,0.19,114.471,105.62,1892245.0,110.1619,50.0,0.0,0.0,0.0,0.0,0.0,0.0,0.0,FUTU
113.31,113.28,113.34,0.06,113.75,111.9551,1867569.0,113.2147,50.0,0.0,0.0,0.0,0.0,0.0,0.0,0.0,EXE
94.86,94.83,94.88,0.05,95.31,94.2,588028.0,94.8286,50.0,0.0,0.0,0.0,0.0,0.0,0.0,0.0,ACGL
80.185,80.13,80.24,0.11,80.36,78.76,598245.0,79.7065,50.0,0.0,0.0,0.0,0.0,0.0,0.0,0.0,WAL
54.82,54.81,54.83,0.02,55.07,54.105,738793.0,54.746,50.0,0.0,0.0,0.0,0.0,0.0,0.0,0.0,EQH
99.95,99.95,99.96,0.01,99.96,99.94,751174.0,99.9542,50.0,0.0,0.0,0.0,0.0,0.0,0.0,0.0,GBIL
527.38,527.1,528.41,1.31,536.8709,514.805,510035.0,529.5131,50.0,0.0,0.0,0.0,0.0,0.0,0.0,0.0,DUOL
204.19,204.07,204.32,0.25,208.5,201.72,2671477.0,203.6478,50.0,0.0,0.0,0.0,0.0,0.0,0.0,0.0,AMT
83.79,83.75,83.83,0.08,84.56,81.77,1838280.0,83.4417,50.0,0.0,0.0,0.0,0.0,0.0,0.0,0.0,ENTG
289.9,289.89,289.92,0.03,290.32,287.02,2478887.0,289.2856,50.0,0.0,0.0,0.0,0.0,0.0,0.0,0.0,VTI
245.535,245.52,245.55,0.03,246.69,238.6,5257334.0,244.0119,50.0,2.842171e-14,0.0,0.0,0.0,0.0,0.0,0.0,SMH
50.32,50.29,50.32,0.03,50.45,48.97,716800.0,49.9416,50.0,0.0,0.0,0.0,0.0,0.0,0.0,0.0,MPLX
50.86,50.85,50.86,0.01,50.86,50.11,1439158.0,50.5776,50.0,0.0,0.0,0.0,0.0,0.0,0.0,0.0,BHP
69.58,69.57,69.59,0.02,70.35,68.9,1578286.0,69.3522,50.0,0.0,0.0,0.0,0.0,0.0,0.0,0.0,CMS
192.79,192.78,192.81,0.03,193.66,187.72,14086698.0,191.7012,50.0,-2.842171e-14,0.0,0.0,0.0,0.0,0.0,0.0,TSM
51.32,51.3,51.32,0.02,51.32,49.51,2163475.0,50.4579,50.0,0.0,0.0,0.0,0.0,0.0,0.0,0.0,ADM
289.545,289.46,289.63,0.17,292.7406,289.11,3573849.0,291.1509,50.0,0.0,0.0,0.0,0.0,0.0,0.0,0.0,CRM
127.27,127.05,127.44,0.39,128.575,117.705,880320.0,124.3117,50.0,0.0,0.0,0.0,0.0,0.0,0.0,0.0,COOP
159.445,159.44,159.45,0.01,160.57,156.16,30049670.0,158.9444,50.0,0.0,0.0,0.0,0.0,0.0,0.0,0.0,GOOGL
334.83,334.79,334.87,0.08,336.729,316.8,100208520.0,324.9854,50.0,0.0,0.0,0.0,0.0,0.0,0.0,0.0,TSLA
165.19,165.12,165.26,0.14,167.33,164.24,960665.0,165.0246,50.0,0.0,0.0,0.0,0.0,0.0,0.0,0.0,DLR
86.43,86.41,86.45,0.04,88.26,85.88,3823876.0,86.5882,50.0,0.0,0.0,0.0,0.0,0.0,0.0,0.0,SO
73.76,73.7,73.76,0.06,74.67,72.5,2202242.0,73.285,50.0,0.0,0.0,0.0,0.0,0.0,0.0,0.0,SWK
157.125,157.08,157.16,0.08,159.255,155.6201,612539.0,157.1606,50.0,0.0,0.0,0.0,0.0,0.0,0.0,0.0,FNV
254.97,254.95,255.05,0.1,255.67,231.49,26785508.0,244.0572,50.0,2.842171e-14,0.0,0.0,0.0,0.0,0.0,0.0,COIN
55.0701,55.07,55.09,0.02,55.89,54.815,4077189.0,55.0939,50.0,0.0,0.0,0.0,0.0,0.0,0.0,0.0,O
247.79,247.7,247.88,0.18,248.47,241.57,1008249.0,246.1827,50.0,2.842171e-14,0.0,0.0,0.0,0.0,0.0,0.0,RCL
514.12,514.0,514.25,0.25,515.75,512.11,2689918.0,513.84,50.0,0.0,0.0,0.0,0.0,0.0,0.0,0.0,BRK.B
66.935,66.93,66.94,0.01,67.12,66.05,813519.0,66.7636,50.0,0.0,0.0,0.0,0.0,0.0,0.0,0.0,KBWB
64.505,64.48,64.53,0.05,65.63,64.21,2362202.0,64.9337,50.0,0.0,0.0,0.0,0.0,0.0,0.0,0.0,SGI
142.71,142.69,142.73,0.04,143.23,140.92,4769338.0,142.1004,50.0,0.0,0.0,0.0,0.0,0.0,0.0,0.0,CVX
67.66,67.65,67.66,0.01,67.82,66.55,2318718.0,67.1929,50.0,0.0,0.0,0.0,0.0,0.0,0.0,0.0,SHEL
57.265,57.26,57.27,0.01,57.475,55.3,10938631.0,56.657,50.0,0.0,0.0,0.0,0.0,0.0,0.0,0.0,ARKK
54.69,54.68,54.7,0.02,55.33,53.54,1338378.0,54.7432,50.0,0.0,0.0,0.0,0.0,0.0,0.0,0.0,ALK
257.45,257.25,257.44,0.19,258.21,253.105,883763.0,256.5056,50.0,0.0,0.0,0.0,0.0,0.0,0.0,0.0,HLT
109.9,109.88,109.94,0.06,111.04,109.63,636101.0,110.1293,50.0,0.0,0.0,0.0,0.0,0.0,0.0,0.0,BRO
102.44,102.42,102.44,0.02,102.825,100.73,4346365.0,101.9663,50.0,0.0,0.0,0.0,0.0,0.0,0.0,0.0,GILD
113.985,113.96,114.0,0.04,116.04,113.24,3757183.0,114.099,50.0,0.0,0.0,0.0,0.0,0.0,0.0,0.0,DUK
73.03,73.02,73.09,0.07,73.91,72.75,610613.0,73.192,50.0,0.0,0.0,0.0,0.0,0.0,0.0,0.0,ADC
234.33,234.03,234.33,0.3,244.43,232.5001,1909772.0,236.1723,50.0,-2.842171e-14,0.0,0.0,0.0,0.0,0.0,0.0,HUM
193.32,193.28,193.34,0.06,195.42,191.9,2583690.0,194.2229,50.0,0.0,0.0,0.0,0.0,0.0,0.0,0.0,PANW
104.58,104.57,104.59,0.02,105.98,101.55,2294830.0,103.7637,50.0,0.0,0.0,0.0,0.0,0.0,0.0,0.0,STX
50.845,50.84,50.85,0.01,50.8457,50.8061,1907448.0,50.8277,50.0,0.0,0.0,0.0,0.0,0.0,0.0,0.0,FLOT
85.12,85.11,85.14,0.03,85.37,84.04,1394063.0,84.8799,50.0,0.0,0.0,0.0,0.0,0.0,0.0,0.0,IR
97.38,97.34,97.42,0.08,98.234,96.36,1130802.0,97.2733,50.0,0.0,0.0,0.0,0.0,0.0,0.0,0.0,ZBH
62.64,62.63,62.65,0.02,63.12,60.6,5308532.0,62.1157,50.0,0.0,0.0,0.0,0.0,0.0,0.0,0.0,MCHP
163.43,163.32,163.44,0.12,164.115,157.71,2341188.0,160.7472,50.0,0.0,0.0,0.0,0.0,0.0,0.0,0.0,MPC
90.7881,90.78,90.81,0.03,90.9296,90.14,592446.0,90.5712,50.0,0.0,0.0,0.0,0.0,0.0,0.0,0.0,AVUV
73.72,73.68,73.76,0.08,74.905,73.6,509260.0,73.9854,50.0,0.0,0.0,0.0,0.0,0.0,0.0,0.0,SOLV
114.15,114.08,114.2,0.12,114.67,113.52,774143.0,114.0909,50.0,0.0,0.0,0.0,0.0,0.0,0.0,0.0,PPG
62.125,62.1,62.14,0.04,62.35,60.97,2185134.0,61.621,50.0,0.0,0.0,0.0,0.0,0.0,0.0,0.0,ALB
100.145,100.06,100.23,0.17,101.5,98.93,2059082.0,100.3774,50.0,0.0,0.0,0.0,0.0,0.0,0.0,0.0,CAVA
86.0163,86.0,86.02,0.02,86.8,84.62,4900314.0,86.0914,50.0,0.0,0.0,0.0,0.0,0.0,0.0,0.0,APH
108.3,108.3,108.31,0.01,108.464745,107.7126,3421555.0,108.0687,50.0,1.4210855e-14,0.0,0.0,0.0,0.0,0.0,0.0,IJR
189.185,189.19,189.2,0.01,189.49,188.49,1650951.0,189.0031,50.0,0.0,0.0,0.0,0.0,0.0,0.0,0.0,IWD
55.145,55.13,55.16,0.03,55.8134,55.035,797858.0,55.3263,50.0,7.1054274e-15,0.0,0.0,0.0,0.0,0.0,0.0,ROL
56.7,56.66,56.72,0.06,58.09,56.41,546088.0,56.8401,50.0,0.0,0.0,0.0,0.0,0.0,0.0,0.0,HRB
57.77,57.73,57.78,0.05,58.04,56.4,701835.0,57.5582,50.0,0.0,0.0,0.0,0.0,0.0,0.0,0.0,HWC
56.9889,56.98,56.99,0.01,57.0299,56.36,10340050.0,56.8013,50.0,0.0,0.0,0.0,0.0,0.0,0.0,0.0,IEMG
81.64,81.61,81.67,0.06,81.86,80.58,1143655.0,81.3819,50.0,0.0,0.0,0.0,0.0,0.0,0.0,0.0,MET
91.68,91.62,91.74,0.12,92.86,91.62,708280.0,92.3246,50.0,0.0,0.0,0.0,0.0,0.0,0.0,0.0,TRU
68.405,68.38,68.4,0.02,69.92,67.78,1307838.0,68.4388,50.0,0.0,0.0,0.0,0.0,0.0,0.0,0.0,MAS
129.27,129.26,129.29,0.03,130.6,119.31,117646170.0,126.1699,50.0,0.0,0.0,0.0,0.0,0.0,0.0,0.0,PLTR
52.505,52.47,52.54,0.07,53.655,52.34,1255910.0,52.9487,50.0,0.0,0.0,0.0,0.0,0.0,0.0,0.0,TECH
123.61,123.45,123.65,0.2,125.505,122.82,501576.0,124.1812,50.0,0.0,0.0,0.0,0.0,0.0,0.0,0.0,WMS
84.63,84.53,84.69,0.16,85.7234,83.9,658046.0,84.817,50.0,0.0,0.0,0.0,0.0,0.0,0.0,0.0,WHR
109.405,109.36,109.42,0.06,110.505,108.501,1744348.0,109.3709,50.0,0.0,0.0,0.0,0.0,0.0,0.0,0.0,PLD
215.86,215.84,215.85,0.01,216.17,213.065,4017922.0,214.7722,50.0,0.0,0.0,0.0,0.0,0.0,0.0,0.0,XLY
108.155,108.15,108.16,0.01,108.31,108.075,1740404.0,108.1969,50.0,0.0,0.0,0.0,0.0,0.0,0.0,0.0,TIP
53.8401,53.86,53.87,0.01,54.53,50.13,938444.0,52.9521,50.0,0.0,0.0,0.0,0.0,0.0,0.0,0.0,USD
58.98,58.95,58.99,0.04,59.74,57.465,1383656.0,58.8503,50.0,0.0,0.0,0.0,0.0,0.0,0.0,0.0,URBN
59.345,59.34,59.35,0.01,59.4,58.4571,27675006.0,58.9469,50.0,0.0,0.0,0.0,0.0,0.0,0.0,0.0,IBIT
80.595,80.55,80.64,0.09,81.41,78.5101,1298284.0,80.5349,50.0,0.0,0.0,0.0,0.0,0.0,0.0,0.0,ANF
123.09,123.01,123.13,0.12,124.89,122.02,1397544.0,123.5129,50.0,0.0,0.0,0.0,0.0,0.0,0.0,0.0,OKTA
135.925,135.85,136.0,0.15,136.44,131.71,1887509.0,134.6619,50.0,0.0,0.0,0.0,0.0,0.0,0.0,0.0,VLO
51.9808,51.98,52.0,0.02,52.48,51.09,2870214.0,51.9058,50.0,0.0,0.0,0.0,0.0,0.0,0.0,0.0,CCJ
74.88,74.83,74.92,0.09,75.25,71.375,1763434.0,73.6382,50.0,0.0,0.0,0.0,0.0,0.0,0.0,0.0,LITE
87.67,87.65,87.69,0.04,88.14,87.355,682756.0,87.8231,50.0,0.0,0.0,0.0,0.0,0.0,0.0,0.0,CCEP
175.2,175.13,175.22,0.09,175.84,171.54,968671.0,174.2141,50.0,0.0,0.0,0.0,0.0,0.0,0.0,0.0,ARES
57.23,57.21,57.25,0.04,57.68,56.55,844674.0,57.0733,50.0,7.1054274e-15,0.0,0.0,0.0,0.0,0.0,0.0,FBIN
149.28,149.26,149.3,0.04,151.7,148.08,6127806.0,149.518,50.0,0.0,0.0,0.0,0.0,0.0,0.0,0.0,JNJ
53.8198,53.81,53.82,0.01,53.9395,53.5802,864257.0,53.7391,50.0,0.0,0.0,0.0,0.0,0.0,0.0,0.0,SPMD
82.565,82.55,82.59,0.04,82.545,78.25,5786659.0,81.0547,50.0,0.0,0.0,0.0,0.0,0.0,0.0,0.0,UAL
64.235,64.23,64.27,0.04,65.1,64.23,550989.0,64.6306,50.0,0.0,0.0,0.0,0.0,0.0,0.0,0.0,ZROZ
291.58,291.04,292.12,1.08,298.72,278.0001,813034.0,290.9407,50.0,0.0,0.0,0.0,0.0,0.0,0.0,0.0,MNDY
111.0715,111.07,111.1,0.03,112.2,110.15,8798013.0,111.2415,50.0,0.0,0.0,0.0,0.0,0.0,0.0,0.0,DIS
54.095,54.08,54.11,0.03,54.69,53.24,1069615.0,54.256,50.0,0.0,0.0,0.0,0.0,0.0,0.0,0.0,CNM
58.125,58.11,58.14,0.03,58.375,57.295,2941095.0,57.9029,50.0,0.0,0.0,0.0,0.0,0.0,0.0,0.0,WMB
50.555,50.55,50.56,0.01,50.61,50.53,3957518.0,50.57,50.0,0.0,0.0,0.0,0.0,0.0,0.0,0.0,JAAA
374.56,374.56,374.74,0.18,381.0,372.95,1304061.0,376.3295,50.0,0.0,0.0,0.0,0.0,0.0,0.0,0.0,HD
130.65,130.65,130.69,0.04,131.64,129.75,5105369.0,130.6322,50.0,0.0,0.0,0.0,0.0,0.0,0.0,0.0,PEP
50.015,50.0,50.03,0.03,50.21,49.18,587074.0,49.8034,50.0,0.0,0.0,0.0,0.0,0.0,0.0,0.0,ZION
279.0,278.9,279.1,0.2,280.19,276.175,857964.0,278.7464,50.0,0.0,0.0,0.0,0.0,0.0,0.0,0.0,COR
141.25,141.12,141.37,0.25,142.2279,138.07,640348.0,140.6687,50.0,0.0,0.0,0.0,0.0,0.0,0.0,0.0,GLOB
177.29,177.19,177.33,0.14,178.18,174.5401,1018761.0,176.8793,50.0,0.0,0.0,0.0,0.0,0.0,0.0,0.0,PNC
84.22,84.16,84.22,0.06,85.54,83.84,2734800.0,84.3831,50.0,0.0,0.0,0.0,0.0,0.0,0.0,0.0,DXCM
77.8846,77.88,77.89,0.01,77.979,77.8701,1595143.0,77.9011,50.0,0.0,0.0,0.0,0.0,0.0,0.0,0.0,BSV
52.36,52.35,52.4,0.05,52.38,50.94,760236.0,52.0696,50.0,0.0,0.0,0.0,0.0,0.0,0.0,0.0,FLS
97.21,97.13,97.29,0.16,99.065,92.56,2742467.0,95.9119,50.0,0.0,0.0,0.0,0.0,0.0,0.0,0.0,ONTO
53.14,53.08,53.14,0.06,53.49,51.94,1132141.0,52.8636,50.0,0.0,0.0,0.0,0.0,0.0,0.0,0.0,GTLB
50.07,50.07,50.08,0.01,50.09,49.9,689852.0,50.0427,50.0,0.0,0.0,0.0,0.0,0.0,0.0,0.0,HYD
158.7,158.7,158.78,0.08,160.72,157.36,3998354.0,158.8591,50.0,0.0,0.0,0.0,0.0,0.0,0.0,0.0,PG
54.95,54.94,54.95,0.01,55.088,54.33,2096962.0,54.8231,50.0,0.0,0.0,0.0,0.0,0.0,0.0,0.0,MCHI
69.085,69.08,69.09,0.01,69.69,68.87,7609563.0,69.1756,50.0,0.0,0.0,0.0,0.0,0.0,0.0,0.0,KO
107.59,107.58,107.66,0.08,108.0,106.5,991413.0,107.236,50.0,0.0,0.0,0.0,0.0,0.0,0.0,0.0,PHM
62.38,62.37,62.38,0.01,62.495,61.7792,1510105.0,62.26,50.0,0.0,0.0,0.0,0.0,0.0,0.0,0.0,RIO
116.13,116.11,116.2,0.09,118.08,113.395,3644092.0,116.0802,50.0,0.0,0.0,0.0,0.0,0.0,0.0,0.0,DDOG
136.71,136.64,136.73,0.09,138.0346,135.87,616868.0,136.6051,50.0,0.0,0.0,0.0,0.0,0.0,0.0,0.0,CLX
68.195,68.19,68.21,0.02,68.65,67.79,1249557.0,68.1014,50.0,0.0,0.0,0.0,0.0,0.0,0.0,0.0,CTVA
212.71,212.7,212.72,0.02,212.97,209.0,31313556.0,211.0935,50.0,0.0,0.0,0.0,0.0,0.0,0.0,0.0,AAPL
54.775,54.77,54.78,0.01,54.83,54.33,1249915.0,54.6261,50.0,7.1054274e-15,0.0,0.0,0.0,0.0,0.0,0.0,COWZ
246.395,246.26,246.53,0.27,247.28,240.02,1768874.0,245.3423,50.0,0.0,0.0,0.0,0.0,0.0,0.0,0.0,ZS
93.48,93.47,93.48,0.01,94.795,93.16,4092274.0,93.5753,50.0,0.0,0.0,0.0,0.0,0.0,0.0,0.0,IYR
132.655,132.64,132.67,0.03,133.031,130.2,11758611.0,131.9815,50.0,0.0,0.0,0.0,0.0,0.0,0.0,0.0,BABA
110.2101,110.21,110.22,0.01,110.22,110.21,1819708.0,110.2138,50.0,0.0,0.0,0.0,0.0,0.0,0.0,0.0,SHV
172.25,172.16,172.37,0.21,173.62,166.8,1134013.0,171.4,50.0,0.0,0.0,0.0,0.0,0.0,0.0,0.0,TRGP
69.74,69.73,69.74,0.01,69.88,68.4,3979032.0,69.2756,50.0,0.0,0.0,0.0,0.0,0.0,0.0,0.0,USO
588.22,588.21,588.23,0.02,589.0699,582.84,43237664.0,586.6171,50.0,0.0,0.0,0.0,0.0,0.0,0.0,0.0,SPY
84.52,84.54,84.56,0.02,84.62,84.0401,575146.0,84.3789,50.0,0.0,0.0,0.0,0.0,0.0,0.0,0.0,VTWO
145.06,145.0,145.09,0.09,146.225,143.5518,1245475.0,144.7442,50.0,0.0,0.0,0.0,0.0,0.0,0.0,0.0,WELL
60.83,60.82,60.83,0.01,61.04,60.515,1816132.0,60.7963,50.0,0.0,0.0,0.0,0.0,0.0,0.0,0.0,UL
177.82,177.7,177.82,0.12,178.94,177.12,589596.0,177.9853,50.0,0.0,0.0,0.0,0.0,0.0,0.0,0.0,FERG
233.425,233.42,233.45,0.03,233.89,232.27,977560.0,233.1641,50.0,0.0,0.0,0.0,0.0,0.0,0.0,0.0,VB
161.22,161.13,161.3,0.17,168.0,160.9027,2226298.0,163.7244,50.0,0.0,0.0,0.0,0.0,0.0,0.0,0.0,SPG
61.105,61.1,61.11,0.01,61.235,60.7105,541949.0,61.0637,50.0,7.1054274e-15,0.0,0.0,0.0,0.0,0.0,0.0,RDVY
50.61,50.6,50.63,0.03,51.215,50.23,2361057.0,50.7788,50.0,0.0,0.0,0.0,0.0,0.0,0.0,0.0,DT
50.4,50.39,50.4,0.01,50.4,50.39,3924152.0,50.3947,50.0,0.0,0.0,0.0,0.0,0.0,0.0,0.0,USFR
74.0001,74.01,74.05,0.04,74.67,70.0,2334994.0,72.8941,50.0,0.0,0.0,0.0,0.0,0.0,0.0,0.0,TECL
54.09,54.08,54.1,0.02,54.87,53.35,3865319.0,53.9,50.0,0.0,0.0,0.0,0.0,0.0,0.0,0.0,GIS
63.805,63.8,63.81,0.01,63.955,63.8,991571.0,63.875,50.0,0.0,0.0,0.0,0.0,0.0,0.0,0.0,VWOB
76.03,76.02,76.03,0.01,76.58,74.965,8231304.0,75.8545,50.0,0.0,0.0,0.0,0.0,0.0,0.0,0.0,WFC
51.225,51.22,51.23,0.01,51.32,50.91,23049914.0,51.1763,50.0,0.0,0.0,0.0,0.0,0.0,0.0,0.0,XLF
188.63,188.51,188.74,0.23,190.58,187.56,644248.0,188.7133,50.0,0.0,0.0,0.0,0.0,0.0,0.0,0.0,STZ
52.49,52.48,52.49,0.01,53.25,51.02,8383377.0,52.4616,50.0,0.0,0.0,0.0,0.0,0.0,0.0,0.0,DAL
98.28,98.26,98.3,0.04,101.3,97.73,1471326.0,98.6941,50.0,0.0,0.0,0.0,0.0,0.0,0.0,0.0,CCI
73.235,73.24,73.25,0.01,73.27,72.87,2037171.0,73.0893,50.0,0.0,0.0,0.0,0.0,0.0,0.0,0.0,IDEV
107.28,107.27,107.3,0.03,109.0,106.06,10613503.0,107.7493,50.0,0.0,0.0,0.0,0.0,0.0,0.0,0.0,SHOP
69.395,69.39,69.4,0.01,71.02,69.28,833353.0,69.8664,50.0,-1.4210855e-14,0.0,0.0,0.0,0.0,0.0,0.0,EQR
58.415,58.41,58.42,0.01,58.605,58.335,888705.0,58.4732,50.0,0.0,0.0,0.0,0.0,0.0,0.0,0.0,HSBC
270.52,270.43,270.69,0.26,272.409,268.6477,1708740.0,270.7803,50.0,0.0,0.0,0.0,0.0,0.0,0.0,0.0,CME
262.9094,262.85,262.91,0.06,263.5994,260.39,4671602.0,262.1744,50.0,0.0,0.0,0.0,0.0,0.0,0.0,0.0,JPM
50.735,50.73,50.74,0.01,50.75,50.73,517078.0,50.7376,50.0,0.0,0.0,0.0,0.0,0.0,0.0,0.0,JMST
541.0,540.14,541.76,1.62,557.37,538.09,504827.0,545.6541,50.0,0.0,0.0,0.0,0.0,0.0,0.0,0.0,ARGX
673.73,673.18,675.12,1.94,678.23,648.38,561316.0,668.4324,50.0,0.0,0.0,0.0,0.0,0.0,0.0,0.0,HUBS
93.55,93.55,93.67,0.12,94.845,92.0601,628620.0,94.1054,50.0,0.0,0.0,0.0,0.0,0.0,0.0,0.0,ESTC
159.77,159.73,159.84,0.11,160.14,155.22,1937692.0,158.6907,50.0,0.0,0.0,0.0,0.0,0.0,0.0,0.0,HWM
152.11,152.09,152.12,0.03,153.29,151.39,5226224.0,152.3284,50.0,0.0,0.0,0.0,0.0,0.0,0.0,0.0,QCOM
101.83,101.71,101.95,0.24,104.39,101.4,1377635.0,103.1272,50.0,0.0,0.0,0.0,0.0,0.0,0.0,0.0,FIVE
78.18,78.15,78.2,0.05,79.635,77.66,1058582.0,78.4358,50.0,0.0,0.0,0.0,0.0,0.0,0.0,0.0,WPM
65.385,65.36,65.41,0.05,65.85,64.6502,1530192.0,65.2406,50.0,0.0,0.0,0.0,0.0,0.0,0.0,0.0,EL
74.625,74.62,74.63,0.01,74.625,74.23,3500800.0,74.4668,50.0,0.0,0.0,0.0,0.0,0.0,0.0,0.0,VGK
100.175,100.16,100.19,0.03,101.28,99.38,2090431.0,100.2452,50.0,1.4210855e-14,0.0,0.0,0.0,0.0,0.0,0.0,AEP
86.4,86.4,86.41,0.01,86.74,86.175,2160866.0,86.4743,50.0,0.0,0.0,0.0,0.0,0.0,0.0,0.0,XLB
61.91,61.87,61.95,0.08,62.63,61.08,555672.0,61.6256,50.0,0.0,0.0,0.0,0.0,0.0,0.0,0.0,TREX
178.24,178.23,178.24,0.01,178.52,177.22,5391996.0,177.93,50.0,0.0,0.0,0.0,0.0,0.0,0.0,0.0,RSP
75.53,75.5,75.53,0.03,76.09,74.9,1176681.0,75.5315,50.0,0.0,0.0,0.0,0.0,0.0,0.0,0.0,CSGP
61.8688,61.84,61.9,0.06,63.34,55.92,60744336.0,60.5739,50.0,7.1054274e-15,0.0,0.0,0.0,0.0,0.0,0.0,HIMS
80.51,80.51,80.52,0.01,80.545,80.1141,4568947.0,80.32,50.0,0.0,0.0,0.0,0.0,0.0,0.0,0.0,IEFA
611.015,611.4,611.55,0.15,613.24,600.0,684582.0,608.4679,50.0,-1.1368684e-13,0.0,0.0,0.0,0.0,0.0,0.0,VGT
62.9,62.89,62.91,0.02,62.93,62.04,2018302.0,62.4525,50.0,7.1054274e-15,0.0,0.0,0.0,0.0,0.0,0.0,CPRT
153.4,153.34,153.46,0.12,155.52,147.2561,9216845.0,153.2112,50.0,0.0,0.0,0.0,0.0,0.0,0.0,0.0,SE
51.84,51.83,51.84,0.01,51.9657,50.7321,2492640.0,51.4585,50.0,0.0,0.0,0.0,0.0,0.0,0.0,0.0,MAGS
99.46,99.43,99.47,0.04,99.75,98.105,660127.0,99.1884,50.0,0.0,0.0,0.0,0.0,0.0,0.0,0.0,NTAP
213.195,213.0,213.35,0.35,216.0575,211.44,515125.0,213.7445,50.0,0.0,0.0,0.0,0.0,0.0,0.0,0.0,DKS
52.94,52.93,52.94,0.01,53.665,52.51,1217777.0,52.926,50.0,0.0,0.0,0.0,0.0,0.0,0.0,0.0,BALL
77.88,77.84,77.9,0.06,79.46,77.51,1339587.0,78.1855,50.0,0.0,0.0,0.0,0.0,0.0,0.0,0.0,PEG
792.09,791.33,792.57,1.24,796.84,755.65,952149.0,784.901,50.0,0.0,0.0,0.0,0.0,0.0,0.0,0.0,KLAC
91.15,91.12,91.14,0.02,91.22,89.78,2150121.0,90.5523,50.0,0.0,0.0,0.0,0.0,0.0,0.0,0.0,FBTC
76.22,76.15,76.22,0.07,76.17,71.73,1026482.0,74.7617,50.0,0.0,0.0,0.0,0.0,0.0,0.0,0.0,PRIM
76.42,76.4,76.44,0.04,76.85,73.38,7695188.0,75.7206,50.0,0.0,0.0,0.0,0.0,0.0,0.0,0.0,RBLX
175.275,175.17,175.38,0.21,176.19,172.98,633343.0,174.9771,50.0,0.0,0.0,0.0,0.0,0.0,0.0,0.0,WSM
211.57,211.41,211.57,0.16,211.94,206.2,1997120.0,210.1095,50.0,0.0,0.0,0.0,0.0,0.0,0.0,0.0,NXPI
100.195,100.12,100.28,0.16,100.96,99.44,629316.0,100.268,50.0,0.0,0.0,0.0,0.0,0.0,0.0,0.0,VLTO
58.26,58.26,58.27,0.01,58.275,57.45,1865358.0,57.8565,50.0,-7.1054274e-15,0.0,0.0,0.0,0.0,0.0,0.0,EWY
77.675,77.58,77.79,0.21,78.065,75.24,2045978.0,76.732,50.0,0.0,0.0,0.0,0.0,0.0,0.0,0.0,ELF
315.8487,315.79,315.92,0.13,342.0,315.33,41100380.0,325.1244,50.0,0.0,0.0,0.0,0.0,0.0,0.0,0.0,UNH
62.79,62.77,62.83,0.06,63.69,61.1,991703.0,62.8924,50.0,-7.1054274e-15,0.0,0.0,0.0,0.0,0.0,0.0,GGAL
90.02,89.99,90.06,0.07,90.2,88.9,551102.0,89.6531,50.0,0.0,0.0,0.0,0.0,0.0,0.0,0.0,PNW
50.64,50.65,50.66,0.01,50.72,50.2,1110914.0,50.5363,50.0,0.0,0.0,0.0,0.0,0.0,0.0,0.0,QQQI
80.45,80.46,80.48,0.02,80.73,80.0,2049663.0,80.3134,50.0,0.0,0.0,0.0,0.0,0.0,0.0,0.0,FAST
58.52,58.51,58.53,0.02,58.54,58.125,1331288.0,58.2275,50.0,0.0,0.0,0.0,0.0,0.0,0.0,0.0,FEZ
129.64,129.61,129.64,0.03,131.75,129.44,3200922.0,130.2587,50.0,0.0,0.0,0.0,0.0,0.0,0.0,0.0,ABT
996.89,996.41,997.37,0.96,1023.83,987.6,2020398.0,1003.9167,50.0,0.0,0.0,0.0,0.0,0.0,0.0,0.0,COST
310.975,310.79,311.12,0.33,311.84,304.87,958811.0,309.4309,50.0,0.0,0.0,0.0,0.0,0.0,0.0,0.0,LULU
59.966,59.94,59.98,0.04,61.93,59.58,1713084.0,60.3831,50.0,7.1054274e-15,0.0,0.0,0.0,0.0,0.0,0.0,DOCS
51.905,51.9,51.91,0.01,51.9971,51.875,1449729.0,51.9207,50.0,0.0,0.0,0.0,0.0,0.0,0.0,0.0,IGIB
58.725,58.72,58.73,0.01,58.885,58.715,2846030.0,58.7852,50.0,0.0,0.0,0.0,0.0,0.0,0.0,0.0,VGIT
77.34,77.34,77.38,0.04,77.98,77.25,698512.0,77.5896,50.0,0.0,0.0,0.0,0.0,0.0,0.0,0.0,OMC
107.11,107.09,107.14,0.05,108.44,106.65,979862.0,107.3252,50.0,-1.4210855e-14,0.0,0.0,0.0,0.0,0.0,0.0,NVS
102.19,102.22,102.23,0.01,102.4,100.75,535859.0,101.8691,50.0,0.0,0.0,0.0,0.0,0.0,0.0,0.0,VONG
81.825,81.83,81.85,0.02,82.2,80.76,1578508.0,81.6312,50.0,0.0,0.0,0.0,0.0,0.0,0.0,0.0,NDAQ
57.475,57.45,57.51,0.06,57.78,57.13,637900.0,57.4361,50.0,0.0,0.0,0.0,0.0,0.0,0.0,0.0,FNF
56.09,56.08,56.1,0.02,56.35,54.8,5427088.0,55.7721,50.0,0.0,0.0,0.0,0.0,0.0,0.0,0.0,EQT
79.14,79.1,79.18,0.08,80.11,77.7,4278410.0,79.3016,50.0,-1.4210855e-14,0.0,0.0,0.0,0.0,0.0,0.0,COHR
75.05,75.04,75.06,0.02,75.36,74.08,2287177.0,74.9644,50.0,0.0,0.0,0.0,0.0,0.0,0.0,0.0,EW
140.7154,140.71,140.73,0.02,140.97,138.461,558979.0,139.7925,50.0,0.0,0.0,0.0,0.0,0.0,0.0,0.0,IUSG
50.385,50.38,50.39,0.01,51.33,50.21,8080217.0,50.6471,50.0,0.0,0.0,0.0,0.0,0.0,0.0,0.0,CMG
112.0601,112.06,112.07,0.01,112.08,112.06,783911.0,112.0663,50.0,0.0,0.0,0.0,0.0,0.0,0.0,0.0,BOXX
234.46,234.28,234.46,0.18,235.78,231.16,872604.0,234.3114,50.0,0.0,0.0,0.0,0.0,0.0,0.0,0.0,LNG
88.11,88.1,88.13,0.03,88.43,86.97,1479621.0,87.9593,50.0,0.0,0.0,0.0,0.0,0.0,0.0,0.0,BK
74.295,74.28,74.3,0.02,74.67,73.51,942621.0,74.2106,50.0,0.0,0.0,0.0,0.0,0.0,0.0,0.0,FTV
104.63,104.54,104.76,0.22,105.2125,101.13,578592.0,103.7492,50.0,0.0,0.0,0.0,0.0,0.0,0.0,0.0,MOD
110.57,110.46,110.57,0.11,110.67,108.7005,752579.0,109.9601,50.0,0.0,0.0,0.0,0.0,0.0,0.0,0.0,TOL
61.8901,61.89,61.9,0.01,61.9099,61.555,1696709.0,61.7465,50.0,7.1054274e-15,0.0,0.0,0.0,0.0,0.0,0.0,EFV
52.23,52.2,52.23,0.03,52.875,51.675,2572696.0,52.337,50.0,0.0,0.0,0.0,0.0,0.0,0.0,0.0,TSCO
83.9875,83.96,84.01,0.05,84.75,82.41,2063057.0,84.1161,50.0,0.0,0.0,0.0,0.0,0.0,0.0,0.0,TPR
181.78,181.73,181.83,0.1,184.29,179.97,2782592.0,182.6784,50.0,0.0,0.0,0.0,0.0,0.0,0.0,0.0,SNOW
80.04,80.03,80.04,0.01,80.27,79.21,7669496.0,79.8249,50.0,0.0,0.0,0.0,0.0,0.0,0.0,0.0,XLU
72.455,72.43,72.48,0.05,73.24,71.83,611419.0,72.6144,50.0,0.0,0.0,0.0,0.0,0.0,0.0,0.0,PCOR
112.415,112.37,112.46,0.09,113.4,111.91,579120.0,112.4434,50.0,-1.4210855e-14,0.0,0.0,0.0,0.0,0.0,0.0,DEO
122.91,122.91,122.93,0.02,123.08,121.9,1314038.0,122.6029,50.0,0.0,0.0,0.0,0.0,0.0,0.0,0.0,ACWI
50.82,50.84,50.85,0.01,50.938,49.4,1370287.0,50.1971,50.0,0.0,0.0,0.0,0.0,0.0,0.0,0.0,BITU
103.475,103.48,103.52,0.04,103.6,102.26,4239654.0,103.0429,50.0,0.0,0.0,0.0,0.0,0.0,0.0,0.0,BSX
94.43,94.32,94.46,0.14,95.28,93.5823,656601.0,94.2432,50.0,0.0,0.0,0.0,0.0,0.0,0.0,0.0,PLNT
56.835,56.83,56.84,0.01,56.97,56.305,6625423.0,56.5887,50.0,0.0,0.0,0.0,0.0,0.0,0.0,0.0,MO
375.054,374.87,375.19,0.32,380.7,347.7,6910752.0,369.5198,50.0,0.0,0.0,0.0,0.0,0.0,0.0,0.0,APP
70.92,70.91,70.94,0.03,71.16,69.79,711161.0,70.4904,50.0,0.0,0.0,0.0,0.0,0.0,0.0,0.0,HSIC
161.37,161.34,161.4,0.06,163.15,157.57,6304280.0,161.0995,50.0,0.0,0.0,0.0,0.0,0.0,0.0,0.0,ORCL
53.045,53.0,53.09,0.09,54.63,52.3,677245.0,52.9876,50.0,0.0,0.0,0.0,0.0,0.0,0.0,0.0,PRCT
194.92,194.91,195.0,0.09,197.55,190.91,1086068.0,195.247,50.0,0.0,0.0,0.0,0.0,0.0,0.0,0.0,MDB
90.075,89.97,90.1,0.13,90.54,87.68,1022798.0,89.6652,50.0,0.0,0.0,0.0,0.0,0.0,0.0,0.0,DOCU
141.84,141.84,141.85,0.01,142.175,140.587,6993349.0,141.6005,50.0,0.0,0.0,0.0,0.0,0.0,0.0,0.0,XLI
87.655,87.61,87.7,0.09,89.935,87.35,2285388.0,88.5041,50.0,0.0,0.0,0.0,0.0,0.0,0.0,0.0,DG
96.85,96.85,96.87,0.02,97.03,96.04,1253673.0,96.6577,50.0,0.0,0.0,0.0,0.0,0.0,0.0,0.0,ITB
127.9,127.81,127.9,0.09,128.68,124.45,2825015.0,127.4961,50.0,0.0,0.0,0.0,0.0,0.0,0.0,0.0,KKR
84.97,84.94,84.97,0.03,85.63,82.95,1299652.0,84.6471,50.0,0.0,0.0,0.0,0.0,0.0,0.0,0.0,TER
244.35,244.25,244.45,0.2,246.95,243.0,954596.0,244.7006,50.0,0.0,0.0,0.0,0.0,0.0,0.0,0.0,FLUT
61.24,61.23,61.24,0.01,61.435,60.825,6146782.0,61.1887,50.0,7.1054274e-15,0.0,0.0,0.0,0.0,0.0,0.0,IAU
70.6,70.6,70.63,0.03,70.6395,70.2357,613954.0,70.5198,50.0,0.0,0.0,0.0,0.0,0.0,0.0,0.0,AVDE
152.08,152.0,152.21,0.21,152.39,144.4361,870189.0,150.2857,50.0,0.0,0.0,0.0,0.0,0.0,0.0,0.0,EAT
93.5435,93.54,93.55,0.01,93.92,93.54,9078143.0,93.667,50.0,0.0,0.0,0.0,0.0,0.0,0.0,0.0,IEF
60.625,60.52,60.74,0.22,62.635,49.36,1458887.0,58.1044,50.0,0.0,0.0,0.0,0.0,0.0,0.0,0.0,LIF
107.14,107.08,107.15,0.07,108.08,103.89,4737794.0,106.8489,50.0,0.0,0.0,0.0,0.0,0.0,0.0,0.0,DELL
62.16,62.16,62.17,0.01,62.5,62.11,3895431.0,62.2209,50.0,0.0,0.0,0.0,0.0,0.0,0.0,0.0,SKX
52.359,52.35,52.36,0.01,52.38,52.27,6688179.0,52.3388,50.0,0.0,0.0,0.0,0.0,0.0,0.0,0.0,JEPQ
68.64,68.61,68.65,0.04,69.22,66.58,1928722.0,68.4729,50.0,0.0,0.0,0.0,0.0,0.0,0.0,0.0,NVT
54.2,54.19,54.21,0.02,54.975,54.03,2578393.0,54.2731,50.0,0.0,0.0,0.0,0.0,0.0,0.0,0.0,D
80.0805,80.03,80.14,0.11,81.63,79.0,560271.0,80.1686,50.0,0.0,0.0,0.0,0.0,0.0,0.0,0.0,LNTH
225.68,225.53,225.86,0.33,229.8,223.71,614191.0,225.8502,50.0,0.0,0.0,0.0,0.0,0.0,0.0,0.0,SBAC
81.57,81.56,81.59,0.03,82.1,80.56,1543624.0,81.5316,50.0,0.0,0.0,0.0,0.0,0.0,0.0,0.0,ETR
63.86,63.85,63.87,0.02,65.44,63.46,5840603.0,64.0567,50.0,0.0,0.0,0.0,0.0,0.0,0.0,0.0,MDLZ
58.395,58.39,58.4,0.01,58.45,58.39,2990222.0,58.4099,50.0,7.1054274e-15,0.0,0.0,0.0,0.0,0.0,0.0,VGSH
152.09,151.95,152.23,0.28,156.525,151.68,847637.0,153.6526,50.0,0.0,0.0,0.0,0.0,0.0,0.0,0.0,NTRA
50.545,50.54,50.55,0.01,50.55,50.54,1957550.0,50.5438,50.0,0.0,0.0,0.0,0.0,0.0,0.0,0.0,TFLO
79.085,79.04,79.08,0.04,80.55,78.58,9684549.0,79.4199,50.0,-1.4210855e-14,0.0,0.0,0.0,0.0,0.0,0.0,TTD
77.57,77.57,77.58,0.01,78.55,76.77,14021398.0,77.6377,50.0,0.0,0.0,0.0,0.0,0.0,0.0,0.0,MRK
133.98,133.94,134.03,0.09,138.06,133.61,1190364.0,134.6991,50.0,0.0,0.0,0.0,0.0,0.0,0.0,0.0,AWK
54.0554,54.05,54.06,0.01,54.05,53.67,6437312.0,53.9171,50.0,0.0,0.0,0.0,0.0,0.0,0.0,0.0,INDA
85.525,85.52,85.53,0.01,86.285,85.525,38577460.0,85.8146,50.0,0.0,0.0,0.0,0.0,0.0,0.0,0.0,TLT
60.08,60.04,60.14,0.1,61.3,59.385,615205.0,59.9232,50.0,0.0,0.0,0.0,0.0,0.0,0.0,0.0,BMRN
204.45,204.43,204.49,0.06,205.73,199.67,10126182.0,203.7044,50.0,0.0,0.0,0.0,0.0,0.0,0.0,0.0,BA
97.25,97.25,97.26,0.01,97.55,97.2449,4719205.0,97.3584,50.0,0.0,0.0,0.0,0.0,0.0,0.0,0.0,AGG
61.01,61.01,61.03,0.02,61.15,59.525,649503.0,60.6921,50.0,0.0,0.0,0.0,0.0,0.0,0.0,0.0,INCY
114.485,114.42,114.55,0.13,117.06,113.33,620346.0,115.4924,50.0,1.4210855e-14,0.0,0.0,0.0,0.0,0.0,0.0,OLLI
103.59,103.35,103.65,0.3,103.91,100.32,522101.0,101.6609,50.0,0.0,0.0,0.0,0.0,0.0,0.0,0.0,ROAD
60.74,60.74,60.78,0.04,61.2,59.95,1753917.0,60.5813,50.0,0.0,0.0,0.0,0.0,0.0,0.0,0.0,LYB
106.405,106.39,106.43,0.04,106.89,105.16,2067601.0,106.206,50.0,0.0,0.0,0.0,0.0,0.0,0.0,0.0,AEM
94.215,94.2,94.23,0.03,95.065,93.92,950539.0,94.2849,50.0,0.0,0.0,0.0,0.0,0.0,0.0,0.0,ALC
315.945,315.76,316.13,0.37,323.0,315.15,726838.0,319.1903,50.0,0.0,0.0,0.0,0.0,0.0,0.0,0.0,PODD
86.645,86.64,86.65,0.01,86.6651,86.2,7308366.0,86.4255,50.0,0.0,0.0,0.0,0.0,0.0,0.0,0.0,EFA
212.7885,212.72,212.84,0.12,213.09,210.85,1152929.0,212.5519,50.0,0.0,0.0,0.0,0.0,0.0,0.0,0.0,MGC
148.21,148.16,148.29,0.13,150.38,147.35,740295.0,148.7835,50.0,0.0,0.0,0.0,0.0,0.0,0.0,0.0,JBHT
411.0701,411.06,411.14,0.08,411.8,404.63,1314301.0,409.9024,50.0,0.0,0.0,0.0,0.0,0.0,0.0,0.0,VUG
67.65,67.64,67.67,0.03,67.99,67.085,1638453.0,67.4067,50.0,0.0,0.0,0.0,0.0,0.0,0.0,0.0,NGG
123.355,123.26,123.45,0.19,125.0,122.9206,578107.0,123.7703,50.0,0.0,0.0,0.0,0.0,0.0,0.0,0.0,BAH
161.69,161.55,161.69,0.14,162.91,160.06,1394354.0,161.4834,50.0,0.0,0.0,0.0,0.0,0.0,0.0,0.0,ZTS
365.71,365.48,365.93,0.45,372.935,361.45,1322176.0,367.8815,50.0,-5.684342e-14,0.0,0.0,0.0,0.0,0.0,0.0,HCA
133.52,133.48,133.56,0.08,136.155,132.73,1432354.0,134.0117,50.0,0.0,0.0,0.0,0.0,0.0,0.0,0.0,KMB
61.345,61.34,61.35,0.01,61.498,61.075,4504903.0,61.2994,50.0,0.0,0.0,0.0,0.0,0.0,0.0,0.0,IJH
69.4874,69.49,69.5,0.01,69.6198,69.05,762524.0,69.4525,50.0,0.0,0.0,0.0,0.0,0.0,0.0,0.0,SPHQ
296.56,296.38,296.66,0.28,299.0,278.4907,4478107.0,292.9545,50.0,0.0,0.0,0.0,0.0,0.0,0.0,0.0,CVNA
64.255,64.25,64.26,0.01,64.2803,63.8299,1176837.0,64.0508,50.0,0.0,0.0,0.0,0.0,0.0,0.0,0.0,VEU
212.185,212.17,212.19,0.02,214.84,210.1,37705230.0,213.2034,50.0,0.0,0.0,0.0,0.0,0.0,0.0,0.0,AMZN
130.91,130.88,130.93,0.05,132.045,130.55,2243441.0,131.0515,50.0,0.0,0.0,0.0,0.0,0.0,0.0,0.0,RTX
148.8025,148.79,148.82,0.03,150.365,148.23,1335677.0,149.2514,50.0,0.0,0.0,0.0,0.0,0.0,0.0,0.0,EA
92.15,92.17,92.18,0.01,92.3299,91.95,633078.0,92.0897,50.0,0.0,0.0,0.0,0.0,0.0,0.0,0.0,IUSV
171.2532,171.24,171.26,0.02,171.51,170.75,1859560.0,171.1373,50.0,0.0,0.0,0.0,0.0,0.0,0.0,0.0,VTV
229.445,229.4,229.55,0.15,231.99,228.52,1599748.0,230.0555,50.0,0.0,0.0,0.0,0.0,0.0,0.0,0.0,UNP
431.04,430.59,431.2,0.61,434.98,427.3,1705526.0,431.5713,50.0,0.0,0.0,0.0,0.0,0.0,0.0,0.0,TMO
64.1,64.08,64.12,0.04,65.47,63.66,1428530.0,64.4111,50.0,0.0,0.0,0.0,0.0,0.0,0.0,0.0,BRBR
173.29,173.23,173.32,0.09,174.8,172.78,891124.0,173.7241,50.0,0.0,0.0,0.0,0.0,0.0,0.0,0.0,ICE
181.395,181.34,181.45,0.11,182.33,179.98,710389.0,181.3915,50.0,0.0,0.0,0.0,0.0,0.0,0.0,0.0,AME
150.9,150.9,150.95,0.05,151.75,150.17,1814617.0,150.8779,50.0,0.0,0.0,0.0,0.0,0.0,0.0,0.0,MMM
69.78,69.76,69.8,0.04,70.37,69.08,1019265.0,69.7719,50.0,0.0,0.0,0.0,0.0,0.0,0.0,0.0,KMX
232.66,232.66,232.68,0.02,233.38,228.26,4673573.0,231.7624,50.0,0.0,0.0,0.0,0.0,0.0,0.0,0.0,XLK
78.83,78.79,78.88,0.09,80.1,78.075,688793.0,79.2287,50.0,0.0,0.0,0.0,0.0,0.0,0.0,0.0,QRVO
51.55,51.53,51.57,0.04,51.9908,50.375,780875.0,51.2657,50.0,0.0,0.0,0.0,0.0,0.0,0.0,0.0,LW
65.33,65.33,65.35,0.02,66.63,64.95,7907777.0,65.6135,50.0,0.0,0.0,0.0,0.0,0.0,0.0,0.0,NVO
97.85,97.81,97.87,0.06,98.07,97.02,761777.0,97.7464,50.0,0.0,0.0,0.0,0.0,0.0,0.0,0.0,TROW
72.195,72.19,72.2,0.01,72.65,71.89,4674609.0,72.1716,50.0,0.0,0.0,0.0,0.0,0.0,0.0,0.0,PYPL
59.8566,59.85,59.86,0.01,59.87,59.85,601653.0,59.8584,50.0,0.0,0.0,0.0,0.0,0.0,0.0,0.0,FTSM
78.453,78.46,78.52,0.06,79.5,78.11,924930.0,78.8795,50.0,0.0,0.0,0.0,0.0,0.0,0.0,0.0,AKAM
171.27,171.27,171.46,0.19,173.66,167.42,1401467.0,171.2254,50.0,-2.842171e-14,0.0,0.0,0.0,0.0,0.0,0.0,EXPE
50.535,50.53,50.54,0.01,50.54,50.53,640320.0,50.5342,50.0,0.0,0.0,0.0,0.0,0.0,0.0,0.0,ICSH
57.655,57.66,57.67,0.01,57.67,57.31,896833.0,57.492,50.0,0.0,0.0,0.0,0.0,0.0,0.0,0.0,EZU
146.85,146.76,146.91,0.15,147.51,142.9,1062341.0,145.2318,50.0,0.0,0.0,0.0,0.0,0.0,0.0,0.0,FANG
136.87,136.84,136.91,0.07,137.63,133.75,2971997.0,136.5087,50.0,0.0,0.0,0.0,0.0,0.0,0.0,0.0,ABNB
104.14,104.13,104.14,0.01,104.26,102.19,2101485.0,103.7264,50.0,-1.4210855e-14,0.0,0.0,0.0,0.0,0.0,0.0,SPMO
82.315,82.31,82.32,0.01,82.39,82.3,2718726.0,82.3446,50.0,0.0,0.0,0.0,0.0,0.0,0.0,0.0,SHY
356.778,356.68,356.88,0.2,358.775,355.33,680101.0,357.417,50.0,0.0,0.0,0.0,0.0,0.0,0.0,0.0,SHW
72.01,72.01,72.04,0.03,75.46,71.73,1213089.0,72.3315,50.0,-1.4210855e-14,0.0,0.0,0.0,0.0,0.0,0.0,ARE
52.3,52.26,52.32,0.06,52.96,51.555,535631.0,52.5744,50.0,0.0,0.0,0.0,0.0,0.0,0.0,0.0,AVT
439.4,439.05,439.61,0.56,442.12,429.54,1723694.0,436.5143,50.0,0.0,0.0,0.0,0.0,0.0,0.0,0.0,VRTX
98.055,98.04,98.07,0.03,98.23,96.07,830376.0,97.5415,50.0,0.0,0.0,0.0,0.0,0.0,0.0,0.0,STT
73.5,73.49,73.55,0.06,74.87,72.98,578966.0,73.3438,50.0,0.0,0.0,0.0,0.0,0.0,0.0,0.0,OGS
54.94,54.86,54.99,0.13,57.965,53.78,4569397.0,56.182,50.0,0.0,0.0,0.0,0.0,0.0,0.0,0.0,NXT
190.37,190.26,190.38,0.12,191.63,188.745,809188.0,190.378,50.0,0.0,0.0,0.0,0.0,0.0,0.0,0.0,CDW
318.38,318.21,318.52,0.31,318.64,311.565,905593.0,315.8752,50.0,0.0,0.0,0.0,0.0,0.0,0.0,0.0,CDNS
88.59,88.57,88.68,0.11,89.81,86.6743,594946.0,88.0461,50.0,0.0,0.0,0.0,0.0,0.0,0.0,0.0,DPST
79.475,79.47,79.48,0.01,79.58,79.315,35449172.0,79.4501,50.0,0.0,0.0,0.0,0.0,0.0,0.0,0.0,HYG
94.74,94.71,94.74,0.03,95.21,94.08,2117366.0,94.686,50.0,0.0,0.0,0.0,0.0,0.0,0.0,0.0,AEE
87.07,87.01,87.14,0.13,87.1,81.14,4122714.0,84.8613,50.0,0.0,0.0,0.0,0.0,0.0,0.0,0.0,ALAB
146.455,146.42,146.49,0.07,146.7,143.0,1892926.0,145.4315,50.0,0.0,0.0,0.0,0.0,0.0,0.0,0.0,APO
65.97,65.95,66.0,0.05,67.105,65.48,622242.0,65.9314,50.0,0.0,0.0,0.0,0.0,0.0,0.0,0.0,BXP
55.27,55.26,55.27,0.01,55.47,52.34,3798763.0,54.592,50.0,0.0,0.0,0.0,0.0,0.0,0.0,0.0,FOXA
99.01,98.99,99.03,0.04,100.41,98.9,2222744.0,99.5736,50.0,-1.4210855e-14,0.0,0.0,0.0,0.0,0.0,0.0,CRH
136.3,136.23,136.37,0.14,136.835,134.59,544669.0,135.7566,50.0,0.0,0.0,0.0,0.0,0.0,0.0,0.0,HES
265.43,265.29,265.43,0.14,269.9,265.27,661876.0,267.0225,50.0,0.0,0.0,0.0,0.0,0.0,0.0,0.0,TRV
119.72,119.58,119.72,0.14,121.37,118.72,916138.0,120.1431,50.0,0.0,0.0,0.0,0.0,0.0,0.0,0.0,NUE
67.46,67.45,67.46,0.01,69.37,66.77,5449076.0,67.7489,50.0,0.0,0.0,0.0,0.0,0.0,0.0,0.0,KR
115.72,115.67,115.74,0.07,116.88,114.815,1268500.0,115.6183,50.0,0.0,0.0,0.0,0.0,0.0,0.0,0.0,A
626.725,626.25,627.2,0.95,635.4575,615.12,1485927.0,628.0571,50.0,0.0,0.0,0.0,0.0,0.0,0.0,0.0,SPOT
578.94,578.73,579.1,0.37,582.86,575.8,1237617.0,579.2556,50.0,0.0,0.0,0.0,0.0,0.0,0.0,0.0,MA
98.745,98.74,98.75,0.01,99.4,98.72,1193061.0,98.9302,50.0,0.0,0.0,0.0,0.0,0.0,0.0,0.0,TLH
422.67517,422.65,422.68,0.03,423.99,421.98,1779497.0,422.7175,50.0,0.0,0.0,0.0,0.0,0.0,0.0,0.0,DIA
113.675,113.64,113.72,0.08,114.66,111.51,1384760.0,113.4555,50.0,0.0,0.0,0.0,0.0,0.0,0.0,0.0,TWLO
232.4601,232.48,232.64,0.16,235.05,230.42,1321358.0,232.192,50.0,0.0,0.0,0.0,0.0,0.0,0.0,0.0,FDX
70.54,70.5,70.55,0.05,70.7802,68.7753,1264869.0,70.0528,50.0,0.0,0.0,0.0,0.0,0.0,0.0,0.0,BROS
118.09,118.03,118.15,0.12,119.75,117.04,571820.0,118.0203,50.0,0.0,0.0,0.0,0.0,0.0,0.0,0.0,NBIX
440.44,440.1,440.45,0.35,444.0,420.0,3191868.0,435.7263,50.0,0.0,0.0,0.0,0.0,0.0,0.0,0.0,GEV
59.785,59.77,59.8,0.03,59.9764,58.96,998471.0,59.445,50.0,0.0,0.0,0.0,0.0,0.0,0.0,0.0,TTE
75.72,75.71,75.72,0.01,76.27,75.03,7323561.0,75.7581,50.0,0.0,0.0,0.0,0.0,0.0,0.0,0.0,C
59.79,59.79,59.8,0.01,59.94,58.42,1564821.0,59.3385,50.0,7.1054274e-15,0.0,0.0,0.0,0.0,0.0,0.0,BN
148.63,148.56,148.7,0.14,149.13,146.88,568183.0,148.0979,50.0,0.0,0.0,0.0,0.0,0.0,0.0,0.0,MIDD
57.295,57.28,57.31,0.03,57.8,54.68,10701279.0,56.3783,50.0,0.0,0.0,0.0,0.0,0.0,0.0,0.0,ONON
80.095,80.09,80.1,0.01,80.88,79.65,9003051.0,80.2556,50.0,0.0,0.0,0.0,0.0,0.0,0.0,0.0,XLP
91.46,91.46,91.47,0.01,91.55,86.93,26262812.0,90.1028,50.0,0.0,0.0,0.0,0.0,0.0,0.0,0.0,UBER
82.5,82.47,82.53,0.06,84.5,82.34,686227.0,83.2085,50.0,0.0,0.0,0.0,0.0,0.0,0.0,0.0,COO
240.99,240.78,240.99,0.21,240.97,238.232,966902.0,240.2234,50.0,0.0,0.0,0.0,0.0,0.0,0.0,0.0,NSC
149.932,149.88,149.96,0.08,150.81,147.98,2132809.0,149.6107,50.0,-2.842171e-14,0.0,0.0,0.0,0.0,0.0,0.0,BX
50.245,50.24,50.25,0.01,50.345,50.215,547137.0,50.2658,50.0,7.1054274e-15,0.0,0.0,0.0,0.0,0.0,0.0,USIG
499.485,499.37,499.6,0.23,500.29,492.97,802941.0,497.4163,50.0,0.0,0.0,0.0,0.0,0.0,0.0,0.0,DE
62.5,62.49,62.51,0.02,62.78,61.97,10766789.0,62.4253,50.0,0.0,0.0,0.0,0.0,0.0,0.0,0.0,NKE
60.566,60.53,60.58,0.05,61.31,59.8514,793626.0,60.7065,50.0,0.0,0.0,0.0,0.0,0.0,0.0,0.0,NUGT
172.82,172.77,172.86,0.09,174.1799,168.47,4835871.0,171.8082,50.0,0.0,0.0,0.0,0.0,0.0,0.0,0.0,AMAT
55.295,55.29,55.3,0.01,55.485,54.84,1335290.0,55.1209,50.0,0.0,0.0,0.0,0.0,0.0,0.0,0.0,KBE
216.74,216.63,216.78,0.15,218.26,216.345,713371.0,217.0851,50.0,0.0,0.0,0.0,0.0,0.0,0.0,0.0,CTAS
104.071,104.07,104.08,0.01,104.42,100.895,2488205.0,102.909,50.0,0.0,0.0,0.0,0.0,0.0,0.0,0.0,QLD
72.04,72.03,72.04,0.01,72.48,69.96,13538330.0,71.4794,50.0,0.0,0.0,0.0,0.0,0.0,0.0,0.0,NEE
68.51,68.5,68.52,0.02,68.73,66.75,2543459.0,67.8852,50.0,0.0,0.0,0.0,0.0,0.0,0.0,0.0,XEL
110.15,110.14,110.17,0.03,110.51,109.02,6659263.0,109.7564,50.0,0.0,0.0,0.0,0.0,0.0,0.0,0.0,XOM
62.0199,62.01,62.02,0.01,62.09,61.77,823310.0,61.9461,50.0,-7.1054274e-15,0.0,0.0,0.0,0.0,0.0,0.0,DGRO
101.18,101.14,101.21,0.07,103.31,100.78,1960412.0,101.5174,50.0,0.0,0.0,0.0,0.0,0.0,0.0,0.0,ED
64.36,64.35,64.37,0.02,65.17,64.3604,1019052.0,64.6137,50.0,0.0,0.0,0.0,0.0,0.0,0.0,0.0,EDV
64.3055,64.31,64.32,0.01,64.525,63.88,1725099.0,64.2474,50.0,0.0,0.0,0.0,0.0,0.0,0.0,0.0,GLDM
138.09,137.98,138.18,0.2,140.87,136.96,1060867.0,138.2417,50.0,0.0,0.0,0.0,0.0,0.0,0.0,0.0,ICLR
92.2142,92.14,92.3,0.16,92.73,89.89,587863.0,91.1724,50.0,0.0,0.0,0.0,0.0,0.0,0.0,0.0,QTWO
296.935,296.84,297.03,0.19,298.83,292.95,602996.0,296.1955,50.0,0.0,0.0,0.0,0.0,0.0,0.0,0.0,ADSK
63.7499,63.58,63.8,0.22,63.9778,57.32,6917740.0,60.2179,50.0,0.0,0.0,0.0,0.0,0.0,0.0,0.0,CRWV
155.19,155.08,155.31,0.23,156.99,144.0752,6269329.0,153.1344,50.0,0.0,0.0,0.0,0.0,0.0,0.0,0.0,VST
120.52,120.13,120.53,0.4,121.81,116.44,1108559.0,119.8166,50.0,0.0,0.0,0.0,0.0,0.0,0.0,0.0,TMDX
122.2,122.19,122.22,0.03,122.21,119.02,1943270.0,121.3307,50.0,0.0,0.0,0.0,0.0,0.0,0.0,0.0,EMR
87.3778,87.39,87.48,0.09,87.845,85.51,503162.0,87.6509,50.0,-1.4210855e-14,0.0,0.0,0.0,0.0,0.0,0.0,IETC
213.85,213.84,213.88,0.04,214.82,208.41,3384728.0,212.5536,50.0,0.0,0.0,0.0,0.0,0.0,0.0,0.0,SOXX
53.755,53.73,53.78,0.05,54.52,52.5,1266892.0,53.9884,50.0,0.0,0.0,0.0,0.0,0.0,0.0,0.0,EXAS
56.0609,56.06,56.07,0.01,56.2502,56.01,4135176.0,56.081,50.0,0.0,0.0,0.0,0.0,0.0,0.0,0.0,JEPI
122.58,122.57,122.58,0.01,122.69,121.55,1809888.0,122.2745,50.0,0.0,0.0,0.0,0.0,0.0,0.0,0.0,VT
68.285,68.25,68.45,0.2,68.68,64.4,1039385.0,66.1112,50.0,0.0,0.0,0.0,0.0,0.0,0.0,0.0,CAMT
107.915,107.85,107.91,0.06,108.36,106.86,555124.0,107.8893,50.0,0.0,0.0,0.0,0.0,0.0,0.0,0.0,PRU
516.515,516.5,516.51,0.01,517.39,508.42,39079480.0,514.0629,50.0,0.0,0.0,0.0,0.0,0.0,0.0,0.0,QQQ
98.085,97.94,98.23,0.29,98.27,92.63,747747.0,96.8056,50.0,0.0,0.0,0.0,0.0,0.0,0.0,0.0,FWONK
88.09,88.03,88.15,0.12,88.38,84.32,1766474.0,87.0713,50.0,0.0,0.0,0.0,0.0,0.0,0.0,0.0,CF
76.1,76.08,76.14,0.06,76.93,75.69,528648.0,76.291,50.0,0.0,0.0,0.0,0.0,0.0,0.0,0.0,SCI
203.61,203.56,203.7,0.14,204.255,201.2987,523839.0,203.3878,50.0,0.0,0.0,0.0,0.0,0.0,0.0,0.0,ALL
206.505,206.41,206.71,0.3,209.215,203.295,1540519.0,207.3587,50.0,0.0,0.0,0.0,0.0,0.0,0.0,0.0,DRI
62.47,62.44,62.49,0.05,63.92,62.23,592527.0,62.6767,50.0,0.0,0.0,0.0,0.0,0.0,0.0,0.0,ELS
65.84,65.83,65.86,0.03,67.04,64.4,12344728.0,66.1074,50.0,0.0,0.0,0.0,0.0,0.0,0.0,0.0,MRVL
95.99,95.99,96.0,0.01,97.32,95.225,12517335.0,96.2866,50.0,-1.4210855e-14,0.0,0.0,0.0,0.0,0.0,0.0,WMT
190.95,190.88,191.01,0.13,191.805,187.9,2322049.0,190.5361,50.0,0.0,0.0,0.0,0.0,0.0,0.0,0.0,FI
201.4375,201.41,201.51,0.1,204.48,199.25,3067204.0,201.9931,50.0,0.0,0.0,0.0,0.0,0.0,0.0,0.0,COF
230.47,230.2,230.49,0.29,232.36,224.14,861264.0,228.956,50.0,-2.842171e-14,0.0,0.0,0.0,0.0,0.0,0.0,TEAM
50.9513,50.84,51.0,0.16,53.1197,42.35,2284954.0,49.3405,50.0,0.0,0.0,0.0,0.0,0.0,0.0,0.0,HIMZ
74.245,74.22,74.27,0.05,75.69,73.67,2479010.0,74.8709,50.0,0.0,0.0,0.0,0.0,0.0,0.0,0.0,GEHC
90.3225,90.25,90.38,0.13,93.75,87.005,704650.0,90.4104,50.0,1.4210855e-14,0.0,0.0,0.0,0.0,0.0,0.0,BCO
125.37,125.29,125.42,0.13,126.7,120.53,2679029.0,124.4446,50.0,0.0,0.0,0.0,0.0,0.0,0.0,0.0,BLDR
58.815,58.82,58.84,0.02,58.935,58.52,615998.0,58.6911,50.0,0.0,0.0,0.0,0.0,0.0,0.0,0.0,JQUA
57.57,57.57,57.59,0.02,58.24,54.8604,13792754.0,56.7608,50.0,7.1054274e-15,0.0,0.0,0.0,0.0,0.0,0.0,XYZ
356.385,356.22,356.55,0.33,360.22,355.23,610342.0,357.5898,50.0,0.0,0.0,0.0,0.0,0.0,0.0,0.0,AON
274.98,274.84,275.08,0.24,276.02,271.205,780146.0,274.2301,50.0,0.0,0.0,0.0,0.0,0.0,0.0,0.0,MAR
236.57,236.26,236.69,0.43,236.69,231.74,654026.0,233.7734,50.0,0.0,0.0,0.0,0.0,0.0,0.0,0.0,EVR
80.88,80.83,80.93,0.1,82.44,80.17,991881.0,81.0031,50.0,0.0,0.0,0.0,0.0,0.0,0.0,0.0,ILMN
75.565,75.56,75.57,0.01,75.77,75.55,1014430.0,75.6094,50.0,0.0,0.0,0.0,0.0,0.0,0.0,0.0,BIV
68.315,68.28,68.34,0.06,68.54,66.69,1336047.0,67.9767,50.0,0.0,0.0,0.0,0.0,0.0,0.0,0.0,APTV
87.585,87.56,87.61,0.05,89.29,87.37,1608022.0,88.2293,50.0,0.0,0.0,0.0,0.0,0.0,0.0,0.0,DLTR
196.995,196.99,197.03,0.04,197.46,196.34,749623.0,196.9389,50.0,0.0,0.0,0.0,0.0,0.0,0.0,0.0,VIG
67.63,67.61,67.63,0.02,68.435,67.39,3072463.0,67.7537,50.0,0.0,0.0,0.0,0.0,0.0,0.0,0.0,AZN
275.74,275.76,275.99,0.23,281.01,237.88,1385435.0,260.5294,50.0,0.0,0.0,0.0,0.0,0.0,0.0,0.0,PTIR
61.375,61.36,61.39,0.03,61.65,60.47,2098333.0,61.1672,50.0,0.0,0.0,0.0,0.0,0.0,0.0,0.0,SYF
86.135,86.13,86.14,0.01,86.445,84.66,8891022.0,85.5858,50.0,0.0,0.0,0.0,0.0,0.0,0.0,0.0,XLE
159.9475,159.85,160.03,0.18,165.2,157.4086,1464724.0,161.5459,50.0,0.0,0.0,0.0,0.0,0.0,0.0,0.0,SFM
73.035,73.03,73.04,0.01,73.3397,72.955,1945306.0,73.1206,50.0,0.0,0.0,0.0,0.0,0.0,0.0,0.0,VCLT
61.91,61.91,61.92,0.01,62.08,61.69,979641.0,61.8914,50.0,0.0,0.0,0.0,0.0,0.0,0.0,0.0,IHI
197.13,196.95,197.13,0.18,198.45,191.78,1980093.0,195.8349,50.0,0.0,0.0,0.0,0.0,0.0,0.0,0.0,DASH
762.62,762.24,762.93,0.69,764.87,744.54,1147155.0,756.8752,50.0,0.0,0.0,0.0,0.0,0.0,0.0,0.0,ASML
94.14,94.08,94.14,0.06,94.9253,93.12,1580895.0,93.793,50.0,0.0,0.0,0.0,0.0,0.0,0.0,0.0,CHD
58.6,58.6,58.67,0.07,60.24,55.75,3920885.0,58.789,50.0,-7.1054274e-15,0.0,0.0,0.0,0.0,0.0,0.0,CRDO
418.18,417.98,418.5,0.52,419.5987,404.12,8190371.0,411.4758,50.0,0.0,0.0,0.0,0.0,0.0,0.0,0.0,MSTR
86.515,86.51,86.52,0.01,86.87,85.11,4263707.0,86.3581,50.0,0.0,0.0,0.0,0.0,0.0,0.0,0.0,SCHW
72.11,72.08,72.12,0.04,72.73,71.88,513395.0,72.2162,50.0,0.0,0.0,0.0,0.0,0.0,0.0,0.0,WRB
87.03,87.01,87.04,0.03,87.09,85.1,5884346.0,86.1474,50.0,0.0,0.0,0.0,0.0,0.0,0.0,0.0,SBUX
96.67,96.65,96.69,0.04,96.72,94.269,1380379.0,95.9752,50.0,-1.4210855e-14,0.0,0.0,0.0,0.0,0.0,0.0,WYNN
104.1,104.1,104.16,0.06,105.385,103.765,891163.0,104.2714,50.0,0.0,0.0,0.0,0.0,0.0,0.0,0.0,WEC
272.04,271.96,272.22,0.26,273.915,268.53,1316358.0,270.8959,50.0,0.0,0.0,0.0,0.0,0.0,0.0,0.0,AMGN
59.905,59.88,59.93,0.05,60.5,59.51,592944.0,59.9443,50.0,0.0,0.0,0.0,0.0,0.0,0.0,0.0,BHF
90.25,90.25,90.26,0.01,90.45,90.245,3425503.0,90.362,50.0,0.0,0.0,0.0,0.0,0.0,0.0,0.0,EMB
69.5151,69.51,69.52,0.01,69.86,66.36,68992530.0,68.3762,50.0,0.0,0.0,0.0,0.0,0.0,0.0,0.0,TQQQ
387.36,387.04,387.72,0.68,390.23,374.785,534752.0,387.084,50.0,0.0,0.0,0.0,0.0,0.0,0.0,0.0,LPLA
128.97,128.93,129.01,0.08,129.75,128.415,794071.0,129.0502,50.0,0.0,0.0,0.0,0.0,0.0,0.0,0.0,HIG
101.91,101.92,101.94,0.02,102.19,101.23,1397344.0,101.8051,50.0,0.0,0.0,0.0,0.0,0.0,0.0,0.0,XHB
109.975,109.93,110.0,0.07,110.75,100.66,4503356.0,107.8463,50.0,0.0,0.0,0.0,0.0,0.0,0.0,0.0,CLS
228.53,228.34,229.01,0.67,232.46,224.42,524821.0,228.314,50.0,-2.842171e-14,0.0,0.0,0.0,0.0,0.0,0.0,RH
58.65,58.62,58.7,0.08,59.4799,57.82,1002036.0,58.6028,50.0,0.0,0.0,0.0,0.0,0.0,0.0,0.0,GMED
72.375,72.38,72.39,0.01,72.42,71.855,2176022.0,72.1915,50.0,0.0,0.0,0.0,0.0,0.0,0.0,0.0,EWJ
356.9652,356.89,356.97,0.08,358.87,354.58,2216550.0,356.7236,50.0,0.0,0.0,0.0,0.0,0.0,0.0,0.0,V
125.665,125.63,125.7,0.07,125.83,121.21,8605531.0,124.8853,50.0,0.0,0.0,0.0,0.0,0.0,0.0,0.0,PSX
237.26,237.19,237.33,0.14,240.275,236.1293,2009404.0,237.9021,50.0,0.0,0.0,0.0,0.0,0.0,0.0,0.0,TMUS
52.075,52.07,52.08,0.01,52.1,52.06,1509265.0,52.0777,50.0,0.0,0.0,0.0,0.0,0.0,0.0,0.0,BINC
65.2,65.18,65.2,0.02,65.48,64.5,1287942.0,64.952,50.0,0.0,0.0,0.0,0.0,0.0,0.0,0.0,EVRG
241.86,241.86,242.48,0.62,246.14,234.67,512117.0,242.4968,50.0,0.0,0.0,0.0,0.0,0.0,0.0,0.0,TLN
540.7,540.69,540.72,0.03,541.48,535.78,5075231.0,539.2831,50.0,0.0,0.0,0.0,0.0,0.0,0.0,0.0,VOO
81.74,81.73,81.76,0.03,82.04,81.075,1266897.0,81.7604,50.0,0.0,0.0,0.0,0.0,0.0,0.0,0.0,CTSH
516.56,516.25,516.87,0.62,522.56,516.24,560321.0,519.5767,50.0,0.0,0.0,0.0,0.0,0.0,0.0,0.0,SPGI
452.7,452.53,452.87,0.34,455.96,452.16,786017.0,454.0888,50.0,0.0,0.0,0.0,0.0,0.0,0.0,0.0,LIN
99.69,99.56,99.87,0.31,101.36,96.61,928059.0,99.4451,50.0,0.0,0.0,0.0,0.0,0.0,0.0,0.0,HQY
160.97,160.96,160.98,0.02,162.06,157.58,17036604.0,160.3968,50.0,0.0,0.0,0.0,0.0,0.0,0.0,0.0,GOOG
116.98,116.97,117.27,0.3,119.21,114.74,645272.0,116.9677,50.0,0.0,0.0,0.0,0.0,0.0,0.0,0.0,MATX
50.475,50.47,50.48,0.01,50.74,50.23,576661.0,50.4259,50.0,0.0,0.0,0.0,0.0,0.0,0.0,0.0,BNS
225.885,225.79,225.98,0.19,227.07,220.2489,1650447.0,225.3128,50.0,0.0,0.0,0.0,0.0,0.0,0.0,0.0,ADI
123.7,123.58,123.76,0.18,124.4,121.6,684204.0,122.7267,50.0,-1.4210855e-14,0.0,0.0,0.0,0.0,0.0,0.0,BIIB
56.55,56.51,56.58,0.07,56.75,55.76,535153.0,56.3563,50.0,0.0,0.0,0.0,0.0,0.0,0.0,0.0,KBH
59.035,59.03,59.04,0.01,59.5,57.805,2672835.0,58.9364,50.0,0.0,0.0,0.0,0.0,0.0,0.0,0.0,EWW
74.06,74.05,74.08,0.03,74.735,73.55,1618924.0,74.1591,50.0,0.0,0.0,0.0,0.0,0.0,0.0,0.0,BBY
61.76,61.7,61.79,0.09,61.89,61.36,636372.0,61.6892,50.0,7.1054274e-15,0.0,0.0,0.0,0.0,0.0,0.0,JGLO
59.25,59.25,59.26,0.01,59.29,58.855,537435.0,59.1035,50.0,0.0,0.0,0.0,0.0,0.0,0.0,0.0,BBJP
100.285,100.28,100.29,0.01,100.29,100.26,828534.0,100.2798,50.0,0.0,0.0,0.0,0.0,0.0,0.0,0.0,MINT
91.51,91.47,91.51,0.04,92.11,89.5873,1826691.0,91.0344,50.0,0.0,0.0,0.0,0.0,0.0,0.0,0.0,BIDU
56.795,56.8,56.82,0.02,56.86,55.99,557194.0,56.4476,50.0,0.0,0.0,0.0,0.0,0.0,0.0,0.0,BITB
148.21,148.21,148.27,0.06,149.21,147.45,1012300.0,148.4916,50.0,0.0,0.0,0.0,0.0,0.0,0.0,0.0,CAH
175.25,175.02,175.48,0.46,178.2922,172.9597,521241.0,176.4235,50.0,0.0,0.0,0.0,0.0,0.0,0.0,0.0,DAVE
258.7,258.65,258.7,0.05,258.65,252.88,1771613.0,256.855,50.0,0.0,0.0,0.0,0.0,0.0,0.0,0.0,IBM
58.655,58.65,58.66,0.01,58.685,58.29,1327042.0,58.4599,50.0,0.0,0.0,0.0,0.0,0.0,0.0,0.0,ACWX
120.13,120.11,120.15,0.04,121.89,115.55,6692279.0,119.3052,50.0,0.0,0.0,0.0,0.0,0.0,0.0,0.0,PDD
99.58,99.57,99.59,0.02,101.46,99.31,3743510.0,99.803,50.0,-2.842171e-14,0.0,0.0,0.0,0.0,0.0,0.0,UPS
127.44,127.43,127.5,0.07,128.05,126.09,1818384.0,127.0674,50.0,0.0,0.0,0.0,0.0,0.0,0.0,0.0,DHI
231.0,230.89,231.01,0.12,235.35,229.58,1356763.0,232.1031,50.0,0.0,0.0,0.0,0.0,0.0,0.0,0.0,LOW
51.735,51.73,51.74,0.01,51.809,51.2692,1097999.0,51.6728,50.0,0.0,0.0,0.0,0.0,0.0,0.0,0.0,DYNF
53.74,53.67,53.8,0.13,53.68,52.42,694575.0,53.2853,50.0,0.0,0.0,0.0,0.0,0.0,0.0,0.0,CAKE
123.83,123.87,123.89,0.02,124.089,123.0,732360.0,123.749,50.0,0.0,0.0,0.0,0.0,0.0,0.0,0.0,VFH
83.205,83.18,83.23,0.05,83.735,82.45,981252.0,83.1752,50.0,0.0,0.0,0.0,0.0,0.0,0.0,0.0,ZM
605.36,605.19,605.48,0.29,606.16,593.06,1597981.0,601.3116,50.0,-1.1368684e-13,0.0,0.0,0.0,0.0,0.0,0.0,GS
73.6716,73.71,73.9,0.19,73.91,69.48,673047.0,72.5183,50.0,0.0,0.0,0.0,0.0,0.0,0.0,0.0,CNR
290.31,290.2,290.41,0.21,296.17,279.19,2389768.0,289.3745,50.0,0.0,0.0,0.0,0.0,0.0,0.0,0.0,CEG
59.27,59.26,59.27,0.01,59.72,58.69,2610999.0,59.2965,50.0,0.0,0.0,0.0,0.0,0.0,0.0,0.0,GDXJ
65.5999,65.5,65.57,0.07,66.82,63.1,1626016.0,64.907,50.0,0.0,0.0,0.0,0.0,0.0,0.0,0.0,BOIL
162.98,162.89,163.0,0.11,163.3925,160.39,1028891.0,162.6527,50.0,0.0,0.0,0.0,0.0,0.0,0.0,0.0,TEL
72.295,72.29,72.3,0.01,72.75,71.33,1034394.0,72.3404,50.0,-1.4210855e-14,0.0,0.0,0.0,0.0,0.0,0.0,HDB
334.79,334.54,334.83,0.29,336.22,327.43,502088.0,333.8093,50.0,0.0,0.0,0.0,0.0,0.0,0.0,0.0,CMI
61.835,61.83,61.84,0.01,62.24,61.605,10238531.0,61.9774,50.0,0.0,0.0,0.0,0.0,0.0,0.0,0.0,CSCO
130.925,130.9,130.95,0.05,132.47,130.37,2403124.0,131.2608,50.0,0.0,0.0,0.0,0.0,0.0,0.0,0.0,TJX
50.02,50.0,50.03,0.03,50.31,49.13,785879.0,49.7132,50.0,0.0,0.0,0.0,0.0,0.0,0.0,0.0,VIXY
62.6068,62.6,62.62,0.02,63.38,58.82,43603110.0,61.5432,50.0,0.0,0.0,0.0,0.0,0.0,0.0,0.0,HOOD
134.01,134.07,134.12,0.05,134.45,131.48,611180.0,133.7964,50.0,0.0,0.0,0.0,0.0,0.0,0.0,0.0,IWP
106.105,105.99,106.22,0.23,109.14,99.6,698598.0,105.0538,50.0,-1.4210855e-14,0.0,0.0,0.0,0.0,0.0,0.0,CAR
411.865,411.55,412.14,0.59,413.21,392.18,934101.0,406.1061,50.0,0.0,0.0,0.0,0.0,0.0,0.0,0.0,CHTR
71.4,71.38,71.43,0.05,71.84,70.6,566276.0,71.4171,50.0,0.0,0.0,0.0,0.0,0.0,0.0,0.0,TRMB
70.88,70.81,70.92,0.11,73.12,70.825,598630.0,72.03,50.0,0.0,0.0,0.0,0.0,0.0,0.0,0.0,CORT
92.91,92.8,92.95,0.15,93.63,90.39,741475.0,92.236,50.0,0.0,0.0,0.0,0.0,0.0,0.0,0.0,FOUR
97.14,97.13,97.14,0.01,97.18,92.545,18501272.0,95.6027,50.0,0.0,0.0,0.0,0.0,0.0,0.0,0.0,MU
232.392,232.32,232.4,0.08,235.28,222.0,19321970.0,229.9112,50.0,0.0,0.0,0.0,0.0,0.0,0.0,0.0,AVGO
309.745,309.62,309.87,0.25,312.165,308.4499,1220839.0,310.1451,50.0,0.0,0.0,0.0,0.0,0.0,0.0,0.0,MCD
129.47,129.44,129.59,0.15,130.405,127.37,1839934.0,129.247,50.0,0.0,0.0,0.0,0.0,0.0,0.0,0.0,DECK
71.4,71.39,71.41,0.02,72.02,70.99,1386808.0,71.5206,50.0,0.0,0.0,0.0,0.0,0.0,0.0,0.0,SYY
433.91,433.9,433.93,0.03,433.95,433.6,1085472.0,433.8644,50.0,0.0,0.0,0.0,0.0,0.0,0.0,0.0,FNGA
74.18,74.18,74.19,0.01,74.22,73.7,1340474.0,73.9664,50.0,0.0,0.0,0.0,0.0,0.0,0.0,0.0,IXUS
58.6275,58.61,58.64,0.03,58.66,57.255,800991.0,58.141,50.0,0.0,0.0,0.0,0.0,0.0,0.0,0.0,BAM
117.1301,117.13,117.14,0.01,117.405,117.115,1733123.0,117.2435,50.0,0.0,0.0,0.0,0.0,0.0,0.0,0.0,IEI
345.43,345.1,345.53,0.43,345.21,334.44,879603.0,341.7382,50.0,0.0,0.0,0.0,0.0,0.0,0.0,0.0,PWR
64.0538,64.04,64.08,0.04,64.135,63.31,5293563.0,63.9001,50.0,0.0,0.0,0.0,0.0,0.0,0.0,0.0,AVEM
299.32,299.28,299.29,0.01,300.3,297.24,7724213.0,299.1354,50.0,0.0,0.0,0.0,0.0,0.0,0.0,0.0,GLD
228.0,227.97,228.01,0.04,228.23,223.78,1086409.0,226.9361,50.0,0.0,0.0,0.0,0.0,0.0,0.0,0.0,MTUM
135.69,135.53,135.8,0.27,137.71,135.33,668482.0,136.4357,50.0,0.0,0.0,0.0,0.0,0.0,0.0,0.0,STLD
59.52,59.51,59.52,0.01,59.55,58.8401,879029.0,59.3584,50.0,0.0,0.0,0.0,0.0,0.0,0.0,0.0,EMXC
100.495,100.49,100.5,0.01,100.5,100.49,11937132.0,100.4929,50.0,0.0,0.0,0.0,0.0,0.0,0.0,0.0,SGOV
108.59,108.59,108.61,0.02,108.8,107.935,530775.0,108.4467,50.0,0.0,0.0,0.0,0.0,0.0,0.0,0.0,VLUE
50.9651,50.96,50.97,0.01,51.06,50.85,3639435.0,50.9108,50.0,-7.1054274e-15,0.0,0.0,0.0,0.0,0.0,0.0,SPYV
54.245,54.24,54.3,0.06,54.78,53.12,955612.0,54.2746,50.0,0.0,0.0,0.0,0.0,0.0,0.0,0.0,BIRK
84.54,84.59,84.61,0.02,85.3805,84.2,1652312.0,84.6035,50.0,0.0,0.0,0.0,0.0,0.0,0.0,0.0,UDOW
104.815,104.81,104.82,0.01,105.34,103.01,2254110.0,104.4841,50.0,0.0,0.0,0.0,0.0,0.0,0.0,0.0,IGV
63.31,63.3,63.32,0.02,63.51,61.795,1342411.0,62.7767,50.0,0.0,0.0,0.0,0.0,0.0,0.0,0.0,ES
82.84,82.82,82.86,0.04,83.61,82.255,1170469.0,82.9842,50.0,0.0,0.0,0.0,0.0,0.0,0.0,0.0,EMN
354.67,354.4,354.68,0.28,355.33,348.0672,2286501.0,352.4628,50.0,5.684342e-14,0.0,0.0,0.0,0.0,0.0,0.0,CAT
70.67,70.66,70.68,0.02,71.88,70.46,976237.0,71.0052,50.0,0.0,0.0,0.0,0.0,0.0,0.0,0.0,Z
88.48,88.47,88.49,0.02,89.685,88.195,2876592.0,88.5509,50.0,0.0,0.0,0.0,0.0,0.0,0.0,0.0,VNQ
50.185,50.17,50.2,0.03,50.2832,49.86,600208.0,50.0778,50.0,0.0,0.0,0.0,0.0,0.0,0.0,0.0,FDVV
290.065,289.96,290.17,0.21,291.67,288.45,887640.0,289.8694,50.0,0.0,0.0,0.0,0.0,0.0,0.0,0.0,SAP
55.305,55.2,55.36,0.16,56.21,54.02,581617.0,55.2649,50.0,0.0,0.0,0.0,0.0,0.0,0.0,0.0,WNS
269.4,269.28,269.57,0.29,270.67,266.04,545183.0,268.7186,50.0,0.0,0.0,0.0,0.0,0.0,0.0,0.0,WDAY
61.54,61.46,61.62,0.16,63.01,58.05,4369806.0,60.8062,50.0,0.0,0.0,0.0,0.0,0.0,0.0,0.0,ODD
52.115,52.11,52.12,0.01,52.17,52.1,1716900.0,52.1248,50.0,0.0,0.0,0.0,0.0,0.0,0.0,0.0,IGSB
287.03,286.86,287.28,0.42,291.15,286.62,679161.0,288.5996,50.0,0.0,0.0,0.0,0.0,0.0,0.0,0.0,CB
168.03,167.79,168.1,0.31,169.25,162.295,594300.0,167.0416,50.0,0.0,0.0,0.0,0.0,0.0,0.0,0.0,JBL
282.79,282.7,282.88,0.18,283.26,279.4,1543787.0,282.0482,50.0,0.0,0.0,0.0,0.0,0.0,0.0,0.0,PGR
56.45,56.43,56.47,0.04,57.2299,55.03,1241574.0,56.4738,50.0,0.0,0.0,0.0,0.0,0.0,0.0,0.0,LSCC
105.07,105.05,105.09,0.04,105.43,101.28,2955805.0,104.0802,50.0,0.0,0.0,0.0,0.0,0.0,0.0,0.0,FTNT
78.7,78.69,78.71,0.02,78.785,76.66,3625389.0,78.1193,50.0,0.0,0.0,0.0,0.0,0.0,0.0,0.0,CP
84.14,84.13,84.17,0.04,84.59,83.41,1497584.0,84.0692,50.0,0.0,0.0,0.0,0.0,0.0,0.0,0.0,AIG
105.62,105.59,105.64,0.05,105.84,104.87,927411.0,105.4919,50.0,0.0,0.0,0.0,0.0,0.0,0.0,0.0,AFL
87.81,87.8,87.83,0.03,88.98,86.94,3083030.0,87.8146,50.0,0.0,0.0,0.0,0.0,0.0,0.0,0.0,CL
68.262,68.26,68.28,0.02,68.35,67.3,676466.0,68.0344,50.0,0.0,0.0,0.0,0.0,0.0,0.0,0.0,IYT
60.905,60.82,60.99,0.17,61.21,56.87,866773.0,59.6256,50.0,0.0,0.0,0.0,0.0,0.0,0.0,0.0,RDNT
120.01,119.93,120.03,0.1,120.68,118.43,853015.0,119.9153,50.0,0.0,0.0,0.0,0.0,0.0,0.0,0.0,CROX
143.085,142.98,143.19,0.21,145.18,136.4332,1350194.0,140.3663,50.0,0.0,0.0,0.0,0.0,0.0,0.0,0.0,DVA
127.49,127.44,127.5,0.06,128.9,124.2,5374285.0,127.0342,50.0,0.0,0.0,0.0,0.0,0.0,0.0,0.0,ARM
82.165,82.16,82.17,0.01,82.27,81.825,2772163.0,82.094,50.0,0.0,0.0,0.0,0.0,0.0,0.0,0.0,K
212.655,212.64,212.66,0.02,213.0,209.34,3416268.0,211.3496,50.0,0.0,0.0,0.0,0.0,0.0,0.0,0.0,QQQM
164.65,164.62,164.65,0.03,165.285,163.6,2881053.0,164.2417,50.0,-2.842171e-14,0.0,0.0,0.0,0.0,0.0,0.0,PM
114.66,114.54,114.76,0.22,115.3,112.255,736253.0,114.3303,50.0,0.0,0.0,0.0,0.0,0.0,0.0,0.0,SHAK
59.56,59.54,59.58,0.04,60.02,59.34,515880.0,59.7135,50.0,0.0,0.0,0.0,0.0,0.0,0.0,0.0,DAY
127.37,127.32,127.55,0.23,128.22,124.775,1382744.0,126.8247,50.0,0.0,0.0,0.0,0.0,0.0,0.0,0.0,XPO
223.34,223.28,223.41,0.13,225.42,221.66,1726890.0,222.6979,50.0,-2.842171e-14,0.0,0.0,0.0,0.0,0.0,0.0,WM
94.7075,94.68,94.73,0.05,95.08,92.29,4239203.0,93.8947,50.0,-1.4210855e-14,0.0,0.0,0.0,0.0,0.0,0.0,COP
133.575,133.5,133.65,0.15,133.93,131.88,864470.0,133.067,50.0,0.0,0.0,0.0,0.0,0.0,0.0,0.0,DTE
74.24,74.21,74.27,0.06,75.17,73.2,1027565.0,74.4784,50.0,0.0,0.0,0.0,0.0,0.0,0.0,0.0,ATI
66.095,66.04,66.14,0.1,68.35,65.965,1096464.0,66.7622,50.0,0.0,0.0,0.0,0.0,0.0,0.0,0.0,INSM
729.7825,729.26,730.2,0.94,730.389,694.71,517325.0,718.9922,50.0,0.0,0.0,0.0,0.0,0.0,0.0,0.0,AXON
686.267,685.6,686.75,1.15,696.98,682.855,608261.0,689.1787,50.0,0.0,0.0,0.0,0.0,0.0,0.0,0.0,MCK
128.72,128.71,128.74,0.03,128.91,127.6251,1052472.0,128.5057,50.0,0.0,0.0,0.0,0.0,0.0,0.0,0.0,ITOT
61.39,61.3,61.49,0.19,62.77,58.64,1139144.0,60.8338,50.0,0.0,0.0,0.0,0.0,0.0,0.0,0.0,WGS
85.37,85.36,85.38,0.02,85.78,82.25,6866010.0,84.5714,50.0,0.0,0.0,0.0,0.0,0.0,0.0,0.0,LRCX
77.87,77.87,77.88,0.01,79.435,77.2,11953787.0,77.8264,50.0,0.0,0.0,0.0,0.0,0.0,0.0,0.0,XBI
57.47,57.46,57.49,0.03,58.67,57.08,1205361.0,57.4843,50.0,0.0,0.0,0.0,0.0,0.0,0.0,0.0,HOLX
191.2,191.04,191.3,0.26,191.39,188.695,828910.0,189.8646,50.0,0.0,0.0,0.0,0.0,0.0,0.0,0.0,TXRH
204.305,204.16,204.45,0.29,205.22,197.45,820964.0,203.2704,50.0,0.0,0.0,0.0,0.0,0.0,0.0,0.0,IBKR
55.345,55.33,55.36,0.03,55.58,54.69,1740256.0,55.1774,50.0,0.0,0.0,0.0,0.0,0.0,0.0,0.0,TAP
97.23,97.19,97.23,0.04,97.89,96.81,1526182.0,97.3847,50.0,0.0,0.0,0.0,0.0,0.0,0.0,0.0,OTIS
186.69,186.61,186.77,0.16,186.845,184.43,500370.0,185.8443,50.0,0.0,0.0,0.0,0.0,0.0,0.0,0.0,MTB
442.07,441.97,442.08,0.11,448.0,427.0001,2422766.0,440.0242,50.0,-5.684342e-14,0.0,0.0,0.0,0.0,0.0,0.0,CRWD
655.935,655.56,656.19,0.63,661.39,651.73,848889.0,658.1,50.0,0.0,0.0,0.0,0.0,0.0,0.0,0.0,INTU
239.735,239.68,239.79,0.11,242.145,237.65,1539187.0,239.4782,50.0,0.0,0.0,0.0,0.0,0.0,0.0,0.0,RSG
213.03,212.64,213.03,0.39,219.585,211.99,555059.0,213.9132,50.0,0.0,0.0,0.0,0.0,0.0,0.0,0.0,MKTX
112.79,112.65,112.93,0.28,116.4,111.5,4938773.0,113.7579,50.0,0.0,0.0,0.0,0.0,0.0,0.0,0.0,RDDT
88.93,88.93,88.94,0.01,89.08,87.485,2449718.0,88.6854,50.0,0.0,0.0,0.0,0.0,0.0,0.0,0.0,SPYG
310.2845,310.25,310.49,0.24,310.34,300.04,812910.0,306.3259,50.0,0.0,0.0,0.0,0.0,0.0,0.0,0.0,ROK
76.1,76.08,76.14,0.06,76.54,75.33,761515.0,75.804,50.0,0.0,0.0,0.0,0.0,0.0,0.0,0.0,IFF
186.91,186.85,186.93,0.08,187.51,184.63,910592.0,186.4088,50.0,0.0,0.0,0.0,0.0,0.0,0.0,0.0,WCN
63.815,63.8,63.83,0.03,65.285,63.78,1396593.0,64.2076,50.0,0.0,0.0,0.0,0.0,0.0,0.0,0.0,VTR
332.46,332.31,332.61,0.3,333.96,322.29,1930920.0,330.497,50.0,0.0,0.0,0.0,0.0,0.0,0.0,0.0,ETN
53.69,53.67,53.68,0.01,53.78,52.16,4973616.0,53.0096,50.0,0.0,0.0,0.0,0.0,0.0,0.0,0.0,BITX
591.045,591.03,591.06,0.03,591.88,585.6885,2594636.0,589.5659,50.0,0.0,0.0,0.0,0.0,0.0,0.0,0.0,IVV
97.1,97.09,97.12,0.03,97.09,95.31,1779301.0,96.7176,50.0,0.0,0.0,0.0,0.0,0.0,0.0,0.0,JCI
59.185,59.18,59.2,0.02,59.36,59.06,817188.0,59.1974,50.0,0.0,0.0,0.0,0.0,0.0,0.0,0.0,KIE
50.1,50.09,50.11,0.02,50.71,49.91,1559904.0,50.2541,50.0,7.1054274e-15,0.0,0.0,0.0,0.0,0.0,0.0,SNY
145.455,145.41,145.51,0.1,147.01,144.81,585720.0,145.4596,50.0,0.0,0.0,0.0,0.0,0.0,0.0,0.0,YUM
59.915,59.88,59.95,0.07,61.1955,59.5,571722.0,59.8936,50.0,-7.1054274e-15,0.0,0.0,0.0,0.0,0.0,0.0,WPC
61.3457,61.33,61.35,0.02,62.81,61.23,11305670.0,61.7687,50.0,0.0,0.0,0.0,0.0,0.0,0.0,0.0,CVS
152.125,152.08,152.17,0.09,155.95,151.355,1263549.0,152.8979,50.0,0.0,0.0,0.0,0.0,0.0,0.0,0.0,IQV
104.29,104.28,104.29,0.01,104.3403,104.17,4822327.0,104.2681,50.0,0.0,0.0,0.0,0.0,0.0,0.0,0.0,MUB
74.675,74.66,74.69,0.03,74.75,73.655,3157251.0,74.3833,50.0,0.0,0.0,0.0,0.0,0.0,0.0,0.0,CARR
51.2,51.18,51.21,0.03,51.36,48.515,849007.0,50.5451,50.0,0.0,0.0,0.0,0.0,0.0,0.0,0.0,FOX
51.58,51.52,51.62,0.1,51.96,50.1,599033.0,51.1057,50.0,0.0,0.0,0.0,0.0,0.0,0.0,0.0,VIST
197.3702,197.36,197.51,0.15,201.715,196.81,1468342.0,198.6485,50.0,0.0,0.0,0.0,0.0,0.0,0.0,0.0,DHR
66.54,66.51,66.56,0.05,66.92,65.2,1099708.0,66.3353,50.0,0.0,0.0,0.0,0.0,0.0,0.0,0.0,TCOM
70.69,70.55,70.71,0.16,70.88,69.52,635832.0,70.2498,50.0,0.0,0.0,0.0,0.0,0.0,0.0,0.0,ULS
78.56,78.56,78.57,0.01,78.655,78.51,2902782.0,78.5814,50.0,0.0,0.0,0.0,0.0,0.0,0.0,0.0,VCSH
103.85,103.69,103.86,0.17,103.82,99.5,1461951.0,102.5077,50.0,0.0,0.0,0.0,0.0,0.0,0.0,0.0,SN
73.49,73.45,73.5,0.05,74.07,72.49,1592384.0,73.4418,50.0,0.0,0.0,0.0,0.0,0.0,0.0,0.0,SWKS
423.685,423.49,423.88,0.39,424.19,413.8565,675272.0,421.3938,50.0,0.0,0.0,0.0,0.0,0.0,0.0,0.0,TT
52.05,51.87,52.06,0.19,53.01,50.3,746570.0,51.9267,50.0,0.0,0.0,0.0,0.0,0.0,0.0,0.0,ECG
224.46,224.4,224.5,0.1,228.95,224.3596,1465907.0,226.6571,50.0,2.842171e-14,0.0,0.0,0.0,0.0,0.0,0.0,MMC
83.68,83.64,83.7,0.06,83.88,79.93,1273598.0,82.343,50.0,0.0,0.0,0.0,0.0,0.0,0.0,0.0,BG
76.475,76.45,76.5,0.05,76.6,75.16,1696974.0,75.9544,50.0,0.0,0.0,0.0,0.0,0.0,0.0,0.0,SRE
112.5,112.42,112.5,0.08,113.095,110.56,777255.0,112.5295,50.0,0.0,0.0,0.0,0.0,0.0,0.0,0.0,AER
112.34,112.33,112.35,0.02,113.1277,109.0,41556124.0,111.333,50.0,0.0,0.0,0.0,0.0,0.0,0.0,0.0,AMD
82.68,82.64,82.73,0.09,85.09,82.4625,1066517.0,83.4167,50.0,0.0,0.0,0.0,0.0,0.0,0.0,0.0,FND
53.29,53.29,53.3,0.01,53.4,52.545,4201417.0,53.084,50.0,0.0,0.0,0.0,0.0,0.0,0.0,0.0,EWT
59.74,59.72,59.75,0.03,60.08,59.2,1050158.0,59.7081,50.0,-7.1054274e-15,0.0,0.0,0.0,0.0,0.0,0.0,XME
89.9531,89.95,89.97,0.02,90.11,89.22,973240.0,89.7173,50.0,0.0,0.0,0.0,0.0,0.0,0.0,0.0,IWR
59.815,59.8,59.83,0.03,61.14,59.18,4458677.0,59.9607,50.0,0.0,0.0,0.0,0.0,0.0,0.0,0.0,CNC
380.7,380.37,380.74,0.37,399.78,380.26,2117411.0,387.356,50.0,0.0,0.0,0.0,0.0,0.0,0.0,0.0,ELV
120.5,120.47,120.5,0.03,120.88,118.39,508762.0,119.8971,50.0,0.0,0.0,0.0,0.0,0.0,0.0,0.0,VDE
749.74,749.48,750.0,0.52,759.4999,740.8501,2807012.0,750.3603,50.0,0.0,0.0,0.0,0.0,0.0,0.0,0.0,LLY
68.54,68.51,68.55,0.04,71.42,64.0,18717410.0,68.551,50.0,0.0,0.0,0.0,0.0,0.0,0.0,0.0,TEM
127.265,127.18,127.35,0.17,127.705,126.835,555330.0,127.3012,50.0,-1.4210855e-14,0.0,0.0,0.0,0.0,0.0,0.0,XYL
102.71,102.71,102.72,0.01,102.88,101.06,2213810.0,102.2935,50.0,0.0,0.0,0.0,0.0,0.0,0.0,0.0,IVW
154.75,154.74,154.76,0.02,155.1,153.87,576541.0,154.4822,50.0,0.0,0.0,0.0,0.0,0.0,0.0,0.0,IWN
95.84,95.83,95.84,0.01,95.965,95.59,5486530.0,95.8139,50.0,0.0,0.0,0.0,0.0,0.0,0.0,0.0,JNK
398.5,398.5,398.65,0.15,399.67,394.71,1528299.0,397.8554,50.0,0.0,0.0,0.0,0.0,0.0,0.0,0.0,ADBE
65.98,65.88,65.95,0.07,66.1,61.65,2635463.0,62.8719,50.0,0.0,0.0,0.0,0.0,0.0,0.0,0.0,ETHU
91.5451,91.54,91.55,0.01,91.55,91.54,18151188.0,91.5429,50.0,2.842171e-14,0.0,0.0,0.0,0.0,0.0,0.0,BIL
91.385,91.41,91.54,0.13,93.4899,85.7803,1172973.0,90.037,50.0,0.0,0.0,0.0,0.0,0.0,0.0,0.0,SEZL
132.005,131.97,132.04,0.07,133.04,131.44,847571.0,132.225,50.0,0.0,0.0,0.0,0.0,0.0,0.0,0.0,CBRE
77.38,77.37,77.39,0.02,78.98,77.31,1268057.0,77.7346,50.0,0.0,0.0,0.0,0.0,0.0,0.0,0.0,FIS
59.39,59.3,59.39,0.09,59.44,57.49,782444.0,58.7334,50.0,0.0,0.0,0.0,0.0,0.0,0.0,0.0,SMG
566.59,566.44,566.74,0.3,568.69,559.88,898256.0,565.1677,50.0,0.0,0.0,0.0,0.0,0.0,0.0,0.0,ISRG
462.18,461.97,462.25,0.28,472.81,460.7,1166077.0,465.7922,50.0,0.0,0.0,0.0,0.0,0.0,0.0,0.0,LMT
50.5,50.5,50.51,0.01,50.56,49.395,5902837.0,50.0444,50.0,0.0,0.0,0.0,0.0,0.0,0.0,0.0,GM
209.235,209.23,209.24,0.01,209.43,207.96,18661588.0,208.7837,50.0,0.0,0.0,0.0,0.0,0.0,0.0,0.0,IWM
71.81,71.73,71.89,0.16,74.7788,71.0001,654123.0,72.477,50.0,0.0,0.0,0.0,0.0,0.0,0.0,0.0,HHH
188.645,188.64,189.0,0.36,192.82,175.24,15240219.0,186.2814,50.0,0.0,0.0,0.0,0.0,0.0,0.0,0.0,FSLR
89.07,89.07,89.09,0.02,89.329,87.4607,1761567.0,88.534,50.0,0.0,0.0,0.0,0.0,0.0,0.0,0.0,SSO
113.245,113.24,113.33,0.09,113.6,112.29,1187962.0,112.9519,50.0,0.0,0.0,0.0,0.0,0.0,0.0,0.0,LEN
59.465,59.46,59.47,0.01,59.74,59.035,7521293.0,59.3873,50.0,0.0,0.0,0.0,0.0,0.0,0.0,0.0,KRE
80.405,80.39,80.42,0.03,81.41,78.625,780596.0,80.5273,50.0,0.0,0.0,0.0,0.0,0.0,0.0,0.0,CIEN
106.55,106.54,106.55,0.01,106.82,106.47,20227196.0,106.6217,50.0,0.0,0.0,0.0,0.0,0.0,0.0,0.0,LQD
130.49,130.38,130.56,0.18,131.3,127.48,501794.0,130.075,50.0,0.0,0.0,0.0,0.0,0.0,0.0,0.0,GNRC
303.935,303.82,304.14,0.32,310.25,302.95,1753370.0,305.7546,50.0,0.0,0.0,0.0,0.0,0.0,0.0,0.0,CI
189.25,189.21,189.31,0.1,189.76,185.41,4675979.0,188.1661,50.0,0.0,0.0,0.0,0.0,0.0,0.0,0.0,ABBV
218.685,218.64,218.73,0.09,220.37,218.1,1544029.0,219.1185,50.0,0.0,0.0,0.0,0.0,0.0,0.0,0.0,HON
130.16,130.15,130.16,0.01,131.2189,124.47,250060370.0,128.8604,50.0,0.0,0.0,0.0,0.0,0.0,0.0,0.0,NVDA
54.77,54.76,54.81,0.05,55.56,52.6,7166829.0,54.1909,50.0,0.0,0.0,0.0,0.0,0.0,0.0,0.0,AFRM
74.55,74.5,74.57,0.07,74.97,72.82,889192.0,74.5452,50.0,0.0,0.0,0.0,0.0,0.0,0.0,0.0,USFD
85.41,85.41,85.43,0.02,85.8,84.805,3050899.0,85.2005,50.0,0.0,0.0,0.0,0.0,0.0,0.0,0.0,MDT
100.255,100.25,100.26,0.01,100.58,99.19,2967793.0,100.2065,50.0,0.0,0.0,0.0,0.0,0.0,0.0,0.0,XLC
99.265,99.24,99.29,0.05,100.88,98.47,4801026.0,99.5855,50.0,-1.4210855e-14,0.0,0.0,0.0,0.0,0.0,0.0,TGT
82.8,82.79,82.83,0.04,83.51,82.57,1070004.0,82.9159,50.0,-1.4210855e-14,0.0,0.0,0.0,0.0,0.0,0.0,GPN
58.2339,58.2,58.25,0.05,59.33,50.0,6120445.0,54.9792,50.0,0.0,0.0,0.0,0.0,0.0,0.0,0.0,PLTU
224.0225,223.81,224.31,0.5,225.35,216.0,561463.0,223.1026,50.0,-2.842171e-14,0.0,0.0,0.0,0.0,0.0,0.0,CRS
397.3,397.25,397.33,0.08,397.98,391.25,771526.0,395.7086,50.0,0.0,0.0,0.0,0.0,0.0,0.0,0.0,IWF
225.345,225.26,225.43,0.17,228.3017,224.307,1068341.0,226.7745,50.0,0.0,0.0,0.0,0.0,0.0,0.0,0.0,TTWO
132.715,132.71,132.72,0.01,133.94,132.405,13385219.0,132.8608,50.0,0.0,0.0,0.0,0.0,0.0,0.0,0.0,XLV
65.37,65.37,65.39,0.02,65.38,65.04,730218.0,65.3262,50.0,0.0,0.0,0.0,0.0,0.0,0.0,0.0,BBEU
55.76,55.75,55.77,0.02,56.23,55.52,1199503.0,55.8684,50.0,0.0,0.0,0.0,0.0,0.0,0.0,0.0,TSN
77.14,77.12,77.16,0.04,77.57,76.58,1553644.0,77.1001,50.0,0.0,0.0,0.0,0.0,0.0,0.0,0.0,TXT
60.33,60.32,60.34,0.02,61.26,60.16,2257251.0,60.5983,50.0,0.0,0.0,0.0,0.0,0.0,0.0,0.0,MNST
69.1897,69.18,69.19,0.01,69.29,68.555,4900570.0,69.0222,50.0,0.0,0.0,0.0,0.0,0.0,0.0,0.0,SPLG
68.51,68.51,68.52,0.01,68.53,68.15,506685.0,68.3443,50.0,0.0,0.0,0.0,0.0,0.0,0.0,0.0,SCZ
85.815,85.79,85.84,0.05,86.86,85.61,724381.0,86.297,50.0,0.0,0.0,0.0,0.0,0.0,0.0,0.0,GGG
82.355,82.34,82.35,0.01,82.41,81.16,1661375.0,81.7167,50.0,0.0,0.0,0.0,0.0,0.0,0.0,0.0,GBTC
77.995,77.97,78.07,0.1,80.42,77.98,560318.0,79.0688,50.0,0.0,0.0,0.0,0.0,0.0,0.0,0.0,FRPT
364.36,363.54,365.22,1.68,375.75,350.3,1118090.0,366.3533,50.0,0.0,0.0,0.0,0.0,0.0,0.0,0.0,CYBR
95.8,95.79,95.83,0.04,96.35,95.32,1080598.0,95.8413,50.0,0.0,0.0,0.0,0.0,0.0,0.0,0.0,PCAR
53.96,53.9,53.97,0.07,55.0495,52.36,5136745.0,53.8365,50.0,0.0,0.0,0.0,0.0,0.0,0.0,0.0,UPST
106.61,106.56,106.62,0.06,107.69,100.9,6216074.0,105.435,50.0,0.0,0.0,0.0,0.0,0.0,0.0,0.0,VRT
80.805,80.8,80.81,0.01,80.9671,80.76,9145487.0,80.8339,50.0,0.0,0.0,0.0,0.0,0.0,0.0,0.0,VCIT
188.79,188.72,188.82,0.1,189.51,186.34,5205782.0,188.4924,50.0,0.0,0.0,0.0,0.0,0.0,0.0,0.0,TXN
56.73,56.7,56.77,0.07,57.27,55.48,619060.0,56.6294,50.0,-7.1054274e-15,0.0,0.0,0.0,0.0,0.0,0.0,AL
149.13,149.04,149.24,0.2,150.075,148.08,724117.0,149.3892,50.0,0.0,0.0,0.0,0.0,0.0,0.0,0.0,ROST
55.33,55.29,55.42,0.13,58.52,54.25,707076.0,55.6343,50.0,0.0,0.0,0.0,0.0,0.0,0.0,0.0,POWI
71.12,71.1,71.14,0.04,72.17,69.07,3177217.0,70.944,50.0,0.0,0.0,0.0,0.0,0.0,0.0,0.0,ROKU
92.99,92.92,93.1,0.18,93.77,90.61,507024.0,92.4317,50.0,0.0,0.0,0.0,0.0,0.0,0.0,0.0,MKSI
68.69,68.67,68.7,0.03,70.26,68.6,2741379.0,69.519,50.0,0.0,0.0,0.0,0.0,0.0,0.0,0.0,EBAY
67.98,67.96,68.0,0.04,69.1,67.82,853216.0,68.4177,50.0,0.0,0.0,0.0,0.0,0.0,0.0,0.0,QSR
66.35,66.34,66.37,0.03,66.44,65.15,687280.0,66.0215,50.0,0.0,0.0,0.0,0.0,0.0,0.0,0.0,HAS
156.56,156.53,156.66,0.13,157.48,153.515,719284.0,156.3414,50.0,0.0,0.0,0.0,0.0,0.0,0.0,0.0,THC
65.95,65.93,65.95,0.02,65.99,65.15,1475532.0,65.641,50.0,0.0,0.0,0.0,0.0,0.0,0.0,0.0,BUD
72.2128,72.21,72.22,0.01,72.425,72.21,3854660.0,72.2818,50.0,0.0,0.0,0.0,0.0,0.0,0.0,0.0,BND
82.14,82.12,82.16,0.04,82.47,76.6984,3959937.0,80.9254,50.0,0.0,0.0,0.0,0.0,0.0,0.0,0.0,NTNX
655.8895,655.67,655.9,0.23,660.92,642.83,13163971.0,653.6638,50.0,0.0,0.0,0.0,0.0,0.0,0.0,0.0,META
447.7301,447.73,447.83,0.1,450.6733,445.36,13280056.0,448.2552,50.0,0.0,0.0,0.0,0.0,0.0,0.0,0.0,MSFT
93.615,93.32,93.7,0.38,99.17,85.0,1471432.0,92.611,50.0,0.0,0.0,0.0,0.0,0.0,0.0,0.0,LOAR
51.205,51.2,51.21,0.01,51.505,50.285,3543852.0,51.0314,50.0,0.0,0.0,0.0,0.0,0.0,0.0,0.0,VXX
241.39,241.19,241.59,0.4,243.1329,238.39,853638.0,241.1322,50.0,0.0,0.0,0.0,0.0,0.0,0.0,0.0,VEEV
53.8,53.77,53.86,0.09,55.32,53.51,885304.0,54.2334,50.0,0.0,0.0,0.0,0.0,0.0,0.0,0.0,CE
50.4641,50.46,50.47,0.01,50.48,50.46,4165779.0,50.4738,50.0,0.0,0.0,0.0,0.0,0.0,0.0,0.0,JPST
65.8525,65.85,65.86,0.01,65.885,65.41,2573806.0,65.6571,50.0,0.0,0.0,0.0,0.0,0.0,0.0,0.0,VXUS
60.16,60.15,60.17,0.02,60.32,59.06,3416561.0,59.6582,50.0,0.0,0.0,0.0,0.0,0.0,0.0,0.0,LNT
57.97,57.95,57.98,0.03,58.03,56.2,1184570.0,57.3916,50.0,0.0,0.0,0.0,0.0,0.0,0.0,0.0,NTR
150.45,150.33,150.49,0.16,151.32,143.0,3083889.0,148.4081,50.0,0.0,0.0,0.0,0.0,0.0,0.0,0.0,NET
92.01,92.0,92.01,0.01,92.44,91.99,1213958.0,92.1099,50.0,1.4210855e-14,0.0,0.0,0.0,0.0,0.0,0.0,MBB
54.465,54.46,54.47,0.01,54.88,54.4601,2081824.0,54.6206,50.0,0.0,0.0,0.0,0.0,0.0,0.0,0.0,VGLT
323.23,323.05,323.29,0.24,325.71,321.56,1543748.0,323.7992,50.0,0.0,0.0,0.0,0.0,0.0,0.0,0.0,ACN
83.015,82.97,83.06,0.09,84.4699,78.88,2179019.0,82.0911,50.0,-1.4210855e-14,0.0,0.0,0.0,0.0,0.0,0.0,RBRK
129.615,129.59,129.63,0.04,129.75,127.23,3017805.0,128.9738,50.0,0.0,0.0,0.0,0.0,0.0,0.0,0.0,MS
55.57,55.55,55.57,0.02,56.07,55.4,623264.0,55.6078,50.0,0.0,0.0,0.0,0.0,0.0,0.0,0.0,IYH
74.56,74.56,74.57,0.01,75.32,74.27,4644532.0,74.8795,50.0,0.0,0.0,0.0,0.0,0.0,0.0,0.0,XRT
69.365,69.33,69.41,0.08,70.4304,63.77,1555406.0,67.6542,50.0,0.0,0.0,0.0,0.0,0.0,0.0,0.0,NVDU
177.15,177.12,177.26,0.14,177.8,172.3,2136888.0,174.9723,50.0,0.0,0.0,0.0,0.0,0.0,0.0,0.0,BDX
51.85,51.84,51.86,0.02,51.93,51.47,1300668.0,51.7514,50.0,0.0,0.0,0.0,0.0,0.0,0.0,0.0,AZEK
92.5,92.5,92.51,0.01,92.76,92.35,3544992.0,92.5538,50.0,0.0,0.0,0.0,0.0,0.0,0.0,0.0,USMV
72.3,72.29,72.3,0.01,72.685,72.115,2213850.0,72.3699,50.0,0.0,0.0,0.0,0.0,0.0,0.0,0.0,SPLV
118.29,118.22,118.4,0.18,119.52,113.615,1148722.0,117.7701,50.0,0.0,0.0,0.0,0.0,0.0,0.0,0.0,FTAI
120.11,120.08,120.13,0.05,121.75,119.17,1743898.0,119.6845,50.0,-1.4210855e-14,0.0,0.0,0.0,0.0,0.0,0.0,IBB
107.59,107.54,107.81,0.27,108.25,103.875,609271.0,106.9417,50.0,0.0,0.0,0.0,0.0,0.0,0.0,0.0,MMYT
107.73,107.7,107.76,0.06,112.0943,107.02,1149739.0,109.1151,50.0,-1.4210855e-14,0.0,0.0,0.0,0.0,0.0,0.0,BJ
